File Name,Fourth Column Value
clang_O0_exec_auto_liveJournal_results.txt,0.1326
clang_O0_exec_auto_liveJournal_results.txt,0.1322
clang_O0_exec_auto_liveJournal_results.txt,0.1349
clang_O0_exec_auto_liveJournal_results.txt,0.1306
clang_O0_exec_auto_liveJournal_results.txt,0.1342
clang_O0_exec_auto_liveJournal_results.txt,0.1334
clang_O0_exec_auto_liveJournal_results.txt,0.1356
clang_O0_exec_auto_liveJournal_results.txt,0.1326
clang_O0_exec_auto_liveJournal_results.txt,0.1312
clang_O0_exec_auto_liveJournal_results.txt,0.1339
clang_O0_exec_auto_liveJournal_results.txt,0.1331
clang_O0_exec_auto_liveJournal_results.txt,0.1338
clang_O0_exec_auto_liveJournal_results.txt,0.1350
clang_O0_exec_auto_liveJournal_results.txt,0.1333
clang_O0_exec_auto_liveJournal_results.txt,0.1342
clang_O0_exec_auto_liveJournal_results.txt,0.1334
clang_O0_exec_auto_liveJournal_results.txt,0.1330
clang_O0_exec_auto_liveJournal_results.txt,0.1291
clang_O0_exec_auto_liveJournal_results.txt,0.1330
clang_O0_exec_auto_liveJournal_results.txt,0.1337
clang_O0_exec_auto_orkut_results.txt,0.3491
clang_O0_exec_auto_orkut_results.txt,0.3477
clang_O0_exec_auto_orkut_results.txt,0.3684
clang_O0_exec_auto_orkut_results.txt,0.3526
clang_O0_exec_auto_orkut_results.txt,0.3528
clang_O0_exec_auto_orkut_results.txt,0.3563
clang_O0_exec_auto_orkut_results.txt,0.3478
clang_O0_exec_auto_orkut_results.txt,0.3579
clang_O0_exec_auto_orkut_results.txt,0.3590
clang_O0_exec_auto_orkut_results.txt,0.3601
clang_O0_exec_auto_orkut_results.txt,0.3565
clang_O0_exec_auto_orkut_results.txt,0.3553
clang_O0_exec_auto_orkut_results.txt,0.3588
clang_O0_exec_auto_orkut_results.txt,0.3582
clang_O0_exec_auto_orkut_results.txt,0.3551
clang_O0_exec_auto_orkut_results.txt,0.3557
clang_O0_exec_auto_orkut_results.txt,0.3576
clang_O0_exec_auto_orkut_results.txt,0.3539
clang_O0_exec_auto_orkut_results.txt,0.3450
clang_O0_exec_auto_orkut_results.txt,0.3498
clang_O0_exec_auto_youtube_results.txt,0.0493
clang_O0_exec_auto_youtube_results.txt,0.0411
clang_O0_exec_auto_youtube_results.txt,0.0490
clang_O0_exec_auto_youtube_results.txt,0.0301
clang_O0_exec_auto_youtube_results.txt,0.0282
clang_O0_exec_auto_youtube_results.txt,0.0285
clang_O0_exec_auto_youtube_results.txt,0.0327
clang_O0_exec_auto_youtube_results.txt,0.0347
clang_O0_exec_auto_youtube_results.txt,0.0294
clang_O0_exec_auto_youtube_results.txt,0.0296
clang_O0_exec_auto_youtube_results.txt,0.0291
clang_O0_exec_auto_youtube_results.txt,0.0276
clang_O0_exec_auto_youtube_results.txt,0.0318
clang_O0_exec_auto_youtube_results.txt,0.0310
clang_O0_exec_auto_youtube_results.txt,0.0326
clang_O0_exec_auto_youtube_results.txt,0.0301
clang_O0_exec_auto_youtube_results.txt,0.0289
clang_O0_exec_auto_youtube_results.txt,0.0325
clang_O0_exec_auto_youtube_results.txt,0.0303
clang_O0_exec_auto_youtube_results.txt,0.0304
clang_O0_exec_dynamic_liveJournal_results.txt,0.1373
clang_O0_exec_dynamic_liveJournal_results.txt,0.1333
clang_O0_exec_dynamic_liveJournal_results.txt,0.1361
clang_O0_exec_dynamic_liveJournal_results.txt,0.1355
clang_O0_exec_dynamic_liveJournal_results.txt,0.1401
clang_O0_exec_dynamic_liveJournal_results.txt,0.1413
clang_O0_exec_dynamic_liveJournal_results.txt,0.1458
clang_O0_exec_dynamic_liveJournal_results.txt,0.1300
clang_O0_exec_dynamic_liveJournal_results.txt,0.1901
clang_O0_exec_dynamic_liveJournal_results.txt,0.1895
clang_O0_exec_dynamic_liveJournal_results.txt,0.2182
clang_O0_exec_dynamic_liveJournal_results.txt,0.1324
clang_O0_exec_dynamic_liveJournal_results.txt,0.1391
clang_O0_exec_dynamic_liveJournal_results.txt,0.1391
clang_O0_exec_dynamic_liveJournal_results.txt,0.1387
clang_O0_exec_dynamic_liveJournal_results.txt,0.1375
clang_O0_exec_dynamic_liveJournal_results.txt,0.1414
clang_O0_exec_dynamic_liveJournal_results.txt,0.1446
clang_O0_exec_dynamic_liveJournal_results.txt,0.1416
clang_O0_exec_dynamic_liveJournal_results.txt,0.1409
clang_O0_exec_dynamic_orkut_results.txt,0.3560
clang_O0_exec_dynamic_orkut_results.txt,0.3511
clang_O0_exec_dynamic_orkut_results.txt,0.3514
clang_O0_exec_dynamic_orkut_results.txt,0.3538
clang_O0_exec_dynamic_orkut_results.txt,0.3562
clang_O0_exec_dynamic_orkut_results.txt,0.3552
clang_O0_exec_dynamic_orkut_results.txt,0.3549
clang_O0_exec_dynamic_orkut_results.txt,0.3573
clang_O0_exec_dynamic_orkut_results.txt,0.3648
clang_O0_exec_dynamic_orkut_results.txt,0.3525
clang_O0_exec_dynamic_orkut_results.txt,0.3595
clang_O0_exec_dynamic_orkut_results.txt,0.3529
clang_O0_exec_dynamic_orkut_results.txt,0.3520
clang_O0_exec_dynamic_orkut_results.txt,0.3489
clang_O0_exec_dynamic_orkut_results.txt,0.3515
clang_O0_exec_dynamic_orkut_results.txt,0.3600
clang_O0_exec_dynamic_orkut_results.txt,0.3575
clang_O0_exec_dynamic_orkut_results.txt,0.3516
clang_O0_exec_dynamic_orkut_results.txt,0.3532
clang_O0_exec_dynamic_orkut_results.txt,0.3473
clang_O0_exec_dynamic_youtube_results.txt,0.0740
clang_O0_exec_dynamic_youtube_results.txt,0.0509
clang_O0_exec_dynamic_youtube_results.txt,0.0314
clang_O0_exec_dynamic_youtube_results.txt,0.0315
clang_O0_exec_dynamic_youtube_results.txt,0.0293
clang_O0_exec_dynamic_youtube_results.txt,0.0299
clang_O0_exec_dynamic_youtube_results.txt,0.0300
clang_O0_exec_dynamic_youtube_results.txt,0.0298
clang_O0_exec_dynamic_youtube_results.txt,0.0285
clang_O0_exec_dynamic_youtube_results.txt,0.0309
clang_O0_exec_dynamic_youtube_results.txt,0.0298
clang_O0_exec_dynamic_youtube_results.txt,0.0305
clang_O0_exec_dynamic_youtube_results.txt,0.0283
clang_O0_exec_dynamic_youtube_results.txt,0.0315
clang_O0_exec_dynamic_youtube_results.txt,0.0275
clang_O0_exec_dynamic_youtube_results.txt,0.0294
clang_O0_exec_dynamic_youtube_results.txt,0.0288
clang_O0_exec_dynamic_youtube_results.txt,0.0274
clang_O0_exec_dynamic_youtube_results.txt,0.0280
clang_O0_exec_dynamic_youtube_results.txt,0.0285
clang_O0_exec_guided_liveJournal_results.txt,0.1340
clang_O0_exec_guided_liveJournal_results.txt,0.1342
clang_O0_exec_guided_liveJournal_results.txt,0.1320
clang_O0_exec_guided_liveJournal_results.txt,0.1347
clang_O0_exec_guided_liveJournal_results.txt,0.1337
clang_O0_exec_guided_liveJournal_results.txt,0.1317
clang_O0_exec_guided_liveJournal_results.txt,0.1340
clang_O0_exec_guided_liveJournal_results.txt,0.1303
clang_O0_exec_guided_liveJournal_results.txt,0.1348
clang_O0_exec_guided_liveJournal_results.txt,0.1324
clang_O0_exec_guided_liveJournal_results.txt,0.1352
clang_O0_exec_guided_liveJournal_results.txt,0.1325
clang_O0_exec_guided_liveJournal_results.txt,0.2347
clang_O0_exec_guided_liveJournal_results.txt,0.1454
clang_O0_exec_guided_liveJournal_results.txt,0.1356
clang_O0_exec_guided_liveJournal_results.txt,0.1331
clang_O0_exec_guided_liveJournal_results.txt,0.1337
clang_O0_exec_guided_liveJournal_results.txt,0.1376
clang_O0_exec_guided_liveJournal_results.txt,0.1419
clang_O0_exec_guided_liveJournal_results.txt,0.1387
clang_O0_exec_guided_orkut_results.txt,0.3500
clang_O0_exec_guided_orkut_results.txt,0.3478
clang_O0_exec_guided_orkut_results.txt,0.3541
clang_O0_exec_guided_orkut_results.txt,0.3584
clang_O0_exec_guided_orkut_results.txt,0.3543
clang_O0_exec_guided_orkut_results.txt,0.3439
clang_O0_exec_guided_orkut_results.txt,0.3515
clang_O0_exec_guided_orkut_results.txt,0.3657
clang_O0_exec_guided_orkut_results.txt,0.3659
clang_O0_exec_guided_orkut_results.txt,0.3630
clang_O0_exec_guided_orkut_results.txt,0.3671
clang_O0_exec_guided_orkut_results.txt,0.3615
clang_O0_exec_guided_orkut_results.txt,0.3551
clang_O0_exec_guided_orkut_results.txt,0.3515
clang_O0_exec_guided_orkut_results.txt,0.3425
clang_O0_exec_guided_orkut_results.txt,0.3451
clang_O0_exec_guided_orkut_results.txt,0.3412
clang_O0_exec_guided_orkut_results.txt,0.3470
clang_O0_exec_guided_orkut_results.txt,0.3528
clang_O0_exec_guided_orkut_results.txt,0.3588
clang_O0_exec_guided_youtube_results.txt,0.0836
clang_O0_exec_guided_youtube_results.txt,0.0471
clang_O0_exec_guided_youtube_results.txt,0.0321
clang_O0_exec_guided_youtube_results.txt,0.0300
clang_O0_exec_guided_youtube_results.txt,0.0343
clang_O0_exec_guided_youtube_results.txt,0.0293
clang_O0_exec_guided_youtube_results.txt,0.0321
clang_O0_exec_guided_youtube_results.txt,0.0284
clang_O0_exec_guided_youtube_results.txt,0.0303
clang_O0_exec_guided_youtube_results.txt,0.0290
clang_O0_exec_guided_youtube_results.txt,0.0273
clang_O0_exec_guided_youtube_results.txt,0.0310
clang_O0_exec_guided_youtube_results.txt,0.0273
clang_O0_exec_guided_youtube_results.txt,0.0301
clang_O0_exec_guided_youtube_results.txt,0.0282
clang_O0_exec_guided_youtube_results.txt,0.0282
clang_O0_exec_guided_youtube_results.txt,0.0309
clang_O0_exec_guided_youtube_results.txt,0.0286
clang_O0_exec_guided_youtube_results.txt,0.0331
clang_O0_exec_guided_youtube_results.txt,0.0280
clang_O0_exec_static_liveJournal_results.txt,0.1339
clang_O0_exec_static_liveJournal_results.txt,0.1285
clang_O0_exec_static_liveJournal_results.txt,0.1327
clang_O0_exec_static_liveJournal_results.txt,0.1316
clang_O0_exec_static_liveJournal_results.txt,0.1317
clang_O0_exec_static_liveJournal_results.txt,0.1333
clang_O0_exec_static_liveJournal_results.txt,0.1345
clang_O0_exec_static_liveJournal_results.txt,0.1327
clang_O0_exec_static_liveJournal_results.txt,0.1331
clang_O0_exec_static_liveJournal_results.txt,0.1318
clang_O0_exec_static_liveJournal_results.txt,0.1319
clang_O0_exec_static_liveJournal_results.txt,0.1352
clang_O0_exec_static_liveJournal_results.txt,0.1306
clang_O0_exec_static_liveJournal_results.txt,0.1326
clang_O0_exec_static_liveJournal_results.txt,0.1323
clang_O0_exec_static_liveJournal_results.txt,0.1346
clang_O0_exec_static_liveJournal_results.txt,0.1341
clang_O0_exec_static_liveJournal_results.txt,0.1324
clang_O0_exec_static_liveJournal_results.txt,0.1341
clang_O0_exec_static_liveJournal_results.txt,0.1312
clang_O0_exec_static_orkut_results.txt,0.3658
clang_O0_exec_static_orkut_results.txt,0.3924
clang_O0_exec_static_orkut_results.txt,0.3532
clang_O0_exec_static_orkut_results.txt,0.3560
clang_O0_exec_static_orkut_results.txt,0.3587
clang_O0_exec_static_orkut_results.txt,0.3620
clang_O0_exec_static_orkut_results.txt,0.3598
clang_O0_exec_static_orkut_results.txt,0.3630
clang_O0_exec_static_orkut_results.txt,0.3596
clang_O0_exec_static_orkut_results.txt,0.3648
clang_O0_exec_static_orkut_results.txt,0.3607
clang_O0_exec_static_orkut_results.txt,0.3591
clang_O0_exec_static_orkut_results.txt,0.3578
clang_O0_exec_static_orkut_results.txt,0.3607
clang_O0_exec_static_orkut_results.txt,0.3521
clang_O0_exec_static_orkut_results.txt,0.3575
clang_O0_exec_static_orkut_results.txt,0.3621
clang_O0_exec_static_orkut_results.txt,0.3620
clang_O0_exec_static_orkut_results.txt,0.3628
clang_O0_exec_static_orkut_results.txt,0.3605
clang_O0_exec_static_youtube_results.txt,0.0555
clang_O0_exec_static_youtube_results.txt,0.0899
clang_O0_exec_static_youtube_results.txt,0.0272
clang_O0_exec_static_youtube_results.txt,0.0305
clang_O0_exec_static_youtube_results.txt,0.0286
clang_O0_exec_static_youtube_results.txt,0.0298
clang_O0_exec_static_youtube_results.txt,0.0286
clang_O0_exec_static_youtube_results.txt,0.0309
clang_O0_exec_static_youtube_results.txt,0.0384
clang_O0_exec_static_youtube_results.txt,0.0315
clang_O0_exec_static_youtube_results.txt,0.0298
clang_O0_exec_static_youtube_results.txt,0.0303
clang_O0_exec_static_youtube_results.txt,0.0284
clang_O0_exec_static_youtube_results.txt,0.0289
clang_O0_exec_static_youtube_results.txt,0.0316
clang_O0_exec_static_youtube_results.txt,0.0293
clang_O0_exec_static_youtube_results.txt,0.0312
clang_O0_exec_static_youtube_results.txt,0.0296
clang_O0_exec_static_youtube_results.txt,0.0311
clang_O0_exec_static_youtube_results.txt,0.0297
clang_O1_exec_auto_liveJournal_results.txt,0.0823
clang_O1_exec_auto_liveJournal_results.txt,0.0811
clang_O1_exec_auto_liveJournal_results.txt,0.0825
clang_O1_exec_auto_liveJournal_results.txt,0.0826
clang_O1_exec_auto_liveJournal_results.txt,0.1329
clang_O1_exec_auto_liveJournal_results.txt,0.0861
clang_O1_exec_auto_liveJournal_results.txt,0.0805
clang_O1_exec_auto_liveJournal_results.txt,0.0808
clang_O1_exec_auto_liveJournal_results.txt,0.0884
clang_O1_exec_auto_liveJournal_results.txt,0.0910
clang_O1_exec_auto_liveJournal_results.txt,0.0870
clang_O1_exec_auto_liveJournal_results.txt,0.0828
clang_O1_exec_auto_liveJournal_results.txt,0.0890
clang_O1_exec_auto_liveJournal_results.txt,0.0906
clang_O1_exec_auto_liveJournal_results.txt,0.0819
clang_O1_exec_auto_liveJournal_results.txt,0.0813
clang_O1_exec_auto_liveJournal_results.txt,0.0909
clang_O1_exec_auto_liveJournal_results.txt,0.0814
clang_O1_exec_auto_liveJournal_results.txt,0.0814
clang_O1_exec_auto_liveJournal_results.txt,0.0913
clang_O1_exec_auto_orkut_results.txt,0.1825
clang_O1_exec_auto_orkut_results.txt,0.1810
clang_O1_exec_auto_orkut_results.txt,0.1892
clang_O1_exec_auto_orkut_results.txt,0.1881
clang_O1_exec_auto_orkut_results.txt,0.1892
clang_O1_exec_auto_orkut_results.txt,0.1899
clang_O1_exec_auto_orkut_results.txt,0.1917
clang_O1_exec_auto_orkut_results.txt,0.1927
clang_O1_exec_auto_orkut_results.txt,0.1899
clang_O1_exec_auto_orkut_results.txt,0.1898
clang_O1_exec_auto_orkut_results.txt,0.1812
clang_O1_exec_auto_orkut_results.txt,0.1781
clang_O1_exec_auto_orkut_results.txt,0.1868
clang_O1_exec_auto_orkut_results.txt,0.1933
clang_O1_exec_auto_orkut_results.txt,0.1926
clang_O1_exec_auto_orkut_results.txt,0.1969
clang_O1_exec_auto_orkut_results.txt,0.1984
clang_O1_exec_auto_orkut_results.txt,0.1984
clang_O1_exec_auto_orkut_results.txt,0.2046
clang_O1_exec_auto_orkut_results.txt,0.2038
clang_O1_exec_auto_youtube_results.txt,0.0343
clang_O1_exec_auto_youtube_results.txt,0.0618
clang_O1_exec_auto_youtube_results.txt,0.0185
clang_O1_exec_auto_youtube_results.txt,0.0153
clang_O1_exec_auto_youtube_results.txt,0.0152
clang_O1_exec_auto_youtube_results.txt,0.0170
clang_O1_exec_auto_youtube_results.txt,0.0178
clang_O1_exec_auto_youtube_results.txt,0.0163
clang_O1_exec_auto_youtube_results.txt,0.0167
clang_O1_exec_auto_youtube_results.txt,0.0163
clang_O1_exec_auto_youtube_results.txt,0.0160
clang_O1_exec_auto_youtube_results.txt,0.0150
clang_O1_exec_auto_youtube_results.txt,0.0153
clang_O1_exec_auto_youtube_results.txt,0.0179
clang_O1_exec_auto_youtube_results.txt,0.0160
clang_O1_exec_auto_youtube_results.txt,0.0154
clang_O1_exec_auto_youtube_results.txt,0.0180
clang_O1_exec_auto_youtube_results.txt,0.0149
clang_O1_exec_auto_youtube_results.txt,0.0162
clang_O1_exec_auto_youtube_results.txt,0.0153
clang_O1_exec_dynamic_liveJournal_results.txt,0.0857
clang_O1_exec_dynamic_liveJournal_results.txt,0.0806
clang_O1_exec_dynamic_liveJournal_results.txt,0.0900
clang_O1_exec_dynamic_liveJournal_results.txt,0.0829
clang_O1_exec_dynamic_liveJournal_results.txt,0.0804
clang_O1_exec_dynamic_liveJournal_results.txt,0.0806
clang_O1_exec_dynamic_liveJournal_results.txt,0.0842
clang_O1_exec_dynamic_liveJournal_results.txt,0.0873
clang_O1_exec_dynamic_liveJournal_results.txt,0.0809
clang_O1_exec_dynamic_liveJournal_results.txt,0.0840
clang_O1_exec_dynamic_liveJournal_results.txt,0.0816
clang_O1_exec_dynamic_liveJournal_results.txt,0.0808
clang_O1_exec_dynamic_liveJournal_results.txt,0.0843
clang_O1_exec_dynamic_liveJournal_results.txt,0.0801
clang_O1_exec_dynamic_liveJournal_results.txt,0.0836
clang_O1_exec_dynamic_liveJournal_results.txt,0.0801
clang_O1_exec_dynamic_liveJournal_results.txt,0.0800
clang_O1_exec_dynamic_liveJournal_results.txt,0.0806
clang_O1_exec_dynamic_liveJournal_results.txt,0.2484
clang_O1_exec_dynamic_liveJournal_results.txt,0.1959
clang_O1_exec_dynamic_orkut_results.txt,0.7342
clang_O1_exec_dynamic_orkut_results.txt,0.7076
clang_O1_exec_dynamic_orkut_results.txt,0.7106
clang_O1_exec_dynamic_orkut_results.txt,0.7034
clang_O1_exec_dynamic_orkut_results.txt,0.7879
clang_O1_exec_dynamic_orkut_results.txt,0.7216
clang_O1_exec_dynamic_orkut_results.txt,0.7755
clang_O1_exec_dynamic_orkut_results.txt,0.7300
clang_O1_exec_dynamic_orkut_results.txt,0.7061
clang_O1_exec_dynamic_orkut_results.txt,0.7080
clang_O1_exec_dynamic_orkut_results.txt,0.8128
clang_O1_exec_dynamic_orkut_results.txt,0.7780
clang_O1_exec_dynamic_orkut_results.txt,0.7479
clang_O1_exec_dynamic_orkut_results.txt,0.7481
clang_O1_exec_dynamic_orkut_results.txt,0.7145
clang_O1_exec_dynamic_orkut_results.txt,0.7149
clang_O1_exec_dynamic_orkut_results.txt,0.7620
clang_O1_exec_dynamic_orkut_results.txt,0.7273
clang_O1_exec_dynamic_orkut_results.txt,0.7651
clang_O1_exec_dynamic_orkut_results.txt,0.7406
clang_O1_exec_dynamic_youtube_results.txt,0.1104
clang_O1_exec_dynamic_youtube_results.txt,0.0638
clang_O1_exec_dynamic_youtube_results.txt,0.0592
clang_O1_exec_dynamic_youtube_results.txt,0.0850
clang_O1_exec_dynamic_youtube_results.txt,0.0532
clang_O1_exec_dynamic_youtube_results.txt,0.0558
clang_O1_exec_dynamic_youtube_results.txt,0.0577
clang_O1_exec_dynamic_youtube_results.txt,0.0578
clang_O1_exec_dynamic_youtube_results.txt,0.0559
clang_O1_exec_dynamic_youtube_results.txt,0.0626
clang_O1_exec_dynamic_youtube_results.txt,0.0960
clang_O1_exec_dynamic_youtube_results.txt,0.0574
clang_O1_exec_dynamic_youtube_results.txt,0.0554
clang_O1_exec_dynamic_youtube_results.txt,0.0561
clang_O1_exec_dynamic_youtube_results.txt,0.0562
clang_O1_exec_dynamic_youtube_results.txt,0.0566
clang_O1_exec_dynamic_youtube_results.txt,0.0594
clang_O1_exec_dynamic_youtube_results.txt,0.0559
clang_O1_exec_dynamic_youtube_results.txt,0.0617
clang_O1_exec_dynamic_youtube_results.txt,0.0638
clang_O1_exec_guided_liveJournal_results.txt,0.0971
clang_O1_exec_guided_liveJournal_results.txt,0.0945
clang_O1_exec_guided_liveJournal_results.txt,0.1015
clang_O1_exec_guided_liveJournal_results.txt,0.1133
clang_O1_exec_guided_liveJournal_results.txt,0.0998
clang_O1_exec_guided_liveJournal_results.txt,0.1014
clang_O1_exec_guided_liveJournal_results.txt,0.1029
clang_O1_exec_guided_liveJournal_results.txt,0.0984
clang_O1_exec_guided_liveJournal_results.txt,0.0804
clang_O1_exec_guided_liveJournal_results.txt,0.1059
clang_O1_exec_guided_liveJournal_results.txt,0.0831
clang_O1_exec_guided_liveJournal_results.txt,0.0838
clang_O1_exec_guided_liveJournal_results.txt,0.0949
clang_O1_exec_guided_liveJournal_results.txt,0.0822
clang_O1_exec_guided_liveJournal_results.txt,0.0819
clang_O1_exec_guided_liveJournal_results.txt,0.0808
clang_O1_exec_guided_liveJournal_results.txt,0.0811
clang_O1_exec_guided_liveJournal_results.txt,0.0794
clang_O1_exec_guided_liveJournal_results.txt,0.0804
clang_O1_exec_guided_liveJournal_results.txt,0.0832
clang_O1_exec_guided_orkut_results.txt,0.1792
clang_O1_exec_guided_orkut_results.txt,0.1816
clang_O1_exec_guided_orkut_results.txt,0.1924
clang_O1_exec_guided_orkut_results.txt,0.1974
clang_O1_exec_guided_orkut_results.txt,0.1959
clang_O1_exec_guided_orkut_results.txt,0.1981
clang_O1_exec_guided_orkut_results.txt,0.1976
clang_O1_exec_guided_orkut_results.txt,0.1931
clang_O1_exec_guided_orkut_results.txt,0.1981
clang_O1_exec_guided_orkut_results.txt,0.1976
clang_O1_exec_guided_orkut_results.txt,0.1972
clang_O1_exec_guided_orkut_results.txt,0.1985
clang_O1_exec_guided_orkut_results.txt,0.1988
clang_O1_exec_guided_orkut_results.txt,0.2025
clang_O1_exec_guided_orkut_results.txt,0.2021
clang_O1_exec_guided_orkut_results.txt,0.1821
clang_O1_exec_guided_orkut_results.txt,0.2147
clang_O1_exec_guided_orkut_results.txt,0.1987
clang_O1_exec_guided_orkut_results.txt,0.1992
clang_O1_exec_guided_orkut_results.txt,0.2800
clang_O1_exec_guided_youtube_results.txt,0.0467
clang_O1_exec_guided_youtube_results.txt,0.0677
clang_O1_exec_guided_youtube_results.txt,0.0178
clang_O1_exec_guided_youtube_results.txt,0.0147
clang_O1_exec_guided_youtube_results.txt,0.0150
clang_O1_exec_guided_youtube_results.txt,0.0182
clang_O1_exec_guided_youtube_results.txt,0.0176
clang_O1_exec_guided_youtube_results.txt,0.0166
clang_O1_exec_guided_youtube_results.txt,0.0156
clang_O1_exec_guided_youtube_results.txt,0.0178
clang_O1_exec_guided_youtube_results.txt,0.0156
clang_O1_exec_guided_youtube_results.txt,0.0157
clang_O1_exec_guided_youtube_results.txt,0.0183
clang_O1_exec_guided_youtube_results.txt,0.0154
clang_O1_exec_guided_youtube_results.txt,0.0149
clang_O1_exec_guided_youtube_results.txt,0.0189
clang_O1_exec_guided_youtube_results.txt,0.0151
clang_O1_exec_guided_youtube_results.txt,0.0159
clang_O1_exec_guided_youtube_results.txt,0.0162
clang_O1_exec_guided_youtube_results.txt,0.0156
clang_O1_exec_static_liveJournal_results.txt,0.1851
clang_O1_exec_static_liveJournal_results.txt,0.2225
clang_O1_exec_static_liveJournal_results.txt,0.1809
clang_O1_exec_static_liveJournal_results.txt,0.2312
clang_O1_exec_static_liveJournal_results.txt,0.1422
clang_O1_exec_static_liveJournal_results.txt,0.1858
clang_O1_exec_static_liveJournal_results.txt,0.1798
clang_O1_exec_static_liveJournal_results.txt,0.1912
clang_O1_exec_static_liveJournal_results.txt,0.1845
clang_O1_exec_static_liveJournal_results.txt,0.1943
clang_O1_exec_static_liveJournal_results.txt,0.1802
clang_O1_exec_static_liveJournal_results.txt,0.1924
clang_O1_exec_static_liveJournal_results.txt,0.2027
clang_O1_exec_static_liveJournal_results.txt,0.1564
clang_O1_exec_static_liveJournal_results.txt,0.1808
clang_O1_exec_static_liveJournal_results.txt,0.1839
clang_O1_exec_static_liveJournal_results.txt,0.1982
clang_O1_exec_static_liveJournal_results.txt,0.2003
clang_O1_exec_static_liveJournal_results.txt,0.2002
clang_O1_exec_static_liveJournal_results.txt,0.1414
clang_O1_exec_static_orkut_results.txt,0.7461
clang_O1_exec_static_orkut_results.txt,0.9276
clang_O1_exec_static_orkut_results.txt,0.7794
clang_O1_exec_static_orkut_results.txt,0.7702
clang_O1_exec_static_orkut_results.txt,0.7684
clang_O1_exec_static_orkut_results.txt,0.7900
clang_O1_exec_static_orkut_results.txt,1.0169
clang_O1_exec_static_orkut_results.txt,0.7295
clang_O1_exec_static_orkut_results.txt,0.7189
clang_O1_exec_static_orkut_results.txt,0.7393
clang_O1_exec_static_orkut_results.txt,0.7568
clang_O1_exec_static_orkut_results.txt,0.7573
clang_O1_exec_static_orkut_results.txt,0.7832
clang_O1_exec_static_orkut_results.txt,0.7466
clang_O1_exec_static_orkut_results.txt,0.7742
clang_O1_exec_static_orkut_results.txt,0.8001
clang_O1_exec_static_orkut_results.txt,0.7492
clang_O1_exec_static_orkut_results.txt,0.7845
clang_O1_exec_static_orkut_results.txt,0.7592
clang_O1_exec_static_orkut_results.txt,0.7421
clang_O1_exec_static_youtube_results.txt,0.0969
clang_O1_exec_static_youtube_results.txt,0.0580
clang_O1_exec_static_youtube_results.txt,0.0619
clang_O1_exec_static_youtube_results.txt,0.0575
clang_O1_exec_static_youtube_results.txt,0.0564
clang_O1_exec_static_youtube_results.txt,0.0584
clang_O1_exec_static_youtube_results.txt,0.0542
clang_O1_exec_static_youtube_results.txt,0.0548
clang_O1_exec_static_youtube_results.txt,0.0621
clang_O1_exec_static_youtube_results.txt,0.0629
clang_O1_exec_static_youtube_results.txt,0.0549
clang_O1_exec_static_youtube_results.txt,0.0543
clang_O1_exec_static_youtube_results.txt,0.0566
clang_O1_exec_static_youtube_results.txt,0.0596
clang_O1_exec_static_youtube_results.txt,0.0594
clang_O1_exec_static_youtube_results.txt,0.0590
clang_O1_exec_static_youtube_results.txt,0.0531
clang_O1_exec_static_youtube_results.txt,0.0556
clang_O1_exec_static_youtube_results.txt,0.0561
clang_O1_exec_static_youtube_results.txt,0.0614
clang_O2_exec_auto_liveJournal_results.txt,0.0681
clang_O2_exec_auto_liveJournal_results.txt,0.0649
clang_O2_exec_auto_liveJournal_results.txt,0.0645
clang_O2_exec_auto_liveJournal_results.txt,0.0669
clang_O2_exec_auto_liveJournal_results.txt,0.0667
clang_O2_exec_auto_liveJournal_results.txt,0.0653
clang_O2_exec_auto_liveJournal_results.txt,0.0670
clang_O2_exec_auto_liveJournal_results.txt,0.0679
clang_O2_exec_auto_liveJournal_results.txt,0.0656
clang_O2_exec_auto_liveJournal_results.txt,0.0657
clang_O2_exec_auto_liveJournal_results.txt,0.0659
clang_O2_exec_auto_liveJournal_results.txt,0.0668
clang_O2_exec_auto_liveJournal_results.txt,0.0654
clang_O2_exec_auto_liveJournal_results.txt,0.0643
clang_O2_exec_auto_liveJournal_results.txt,0.0644
clang_O2_exec_auto_liveJournal_results.txt,0.0663
clang_O2_exec_auto_liveJournal_results.txt,0.0653
clang_O2_exec_auto_liveJournal_results.txt,0.0647
clang_O2_exec_auto_liveJournal_results.txt,0.0651
clang_O2_exec_auto_liveJournal_results.txt,0.0655
clang_O2_exec_auto_orkut_results.txt,0.1771
clang_O2_exec_auto_orkut_results.txt,0.1833
clang_O2_exec_auto_orkut_results.txt,0.1860
clang_O2_exec_auto_orkut_results.txt,0.1814
clang_O2_exec_auto_orkut_results.txt,0.1843
clang_O2_exec_auto_orkut_results.txt,0.1808
clang_O2_exec_auto_orkut_results.txt,0.1792
clang_O2_exec_auto_orkut_results.txt,0.1841
clang_O2_exec_auto_orkut_results.txt,0.1830
clang_O2_exec_auto_orkut_results.txt,0.1779
clang_O2_exec_auto_orkut_results.txt,0.1832
clang_O2_exec_auto_orkut_results.txt,0.1807
clang_O2_exec_auto_orkut_results.txt,0.1858
clang_O2_exec_auto_orkut_results.txt,0.1864
clang_O2_exec_auto_orkut_results.txt,0.1824
clang_O2_exec_auto_orkut_results.txt,0.1825
clang_O2_exec_auto_orkut_results.txt,0.1827
clang_O2_exec_auto_orkut_results.txt,0.1826
clang_O2_exec_auto_orkut_results.txt,0.1847
clang_O2_exec_auto_orkut_results.txt,0.1833
clang_O2_exec_auto_youtube_results.txt,0.0232
clang_O2_exec_auto_youtube_results.txt,0.0689
clang_O2_exec_auto_youtube_results.txt,0.0155
clang_O2_exec_auto_youtube_results.txt,0.0165
clang_O2_exec_auto_youtube_results.txt,0.0140
clang_O2_exec_auto_youtube_results.txt,0.0126
clang_O2_exec_auto_youtube_results.txt,0.0149
clang_O2_exec_auto_youtube_results.txt,0.0136
clang_O2_exec_auto_youtube_results.txt,0.0127
clang_O2_exec_auto_youtube_results.txt,0.0164
clang_O2_exec_auto_youtube_results.txt,0.0131
clang_O2_exec_auto_youtube_results.txt,0.0126
clang_O2_exec_auto_youtube_results.txt,0.0132
clang_O2_exec_auto_youtube_results.txt,0.0130
clang_O2_exec_auto_youtube_results.txt,0.0126
clang_O2_exec_auto_youtube_results.txt,0.0149
clang_O2_exec_auto_youtube_results.txt,0.0127
clang_O2_exec_auto_youtube_results.txt,0.0128
clang_O2_exec_auto_youtube_results.txt,0.0140
clang_O2_exec_auto_youtube_results.txt,0.0155
clang_O2_exec_dynamic_liveJournal_results.txt,0.0870
clang_O2_exec_dynamic_liveJournal_results.txt,0.0660
clang_O2_exec_dynamic_liveJournal_results.txt,0.0776
clang_O2_exec_dynamic_liveJournal_results.txt,0.1974
clang_O2_exec_dynamic_liveJournal_results.txt,0.0673
clang_O2_exec_dynamic_liveJournal_results.txt,0.0660
clang_O2_exec_dynamic_liveJournal_results.txt,0.0720
clang_O2_exec_dynamic_liveJournal_results.txt,0.0752
clang_O2_exec_dynamic_liveJournal_results.txt,0.0739
clang_O2_exec_dynamic_liveJournal_results.txt,0.0773
clang_O2_exec_dynamic_liveJournal_results.txt,0.0742
clang_O2_exec_dynamic_liveJournal_results.txt,0.0783
clang_O2_exec_dynamic_liveJournal_results.txt,0.0780
clang_O2_exec_dynamic_liveJournal_results.txt,0.0745
clang_O2_exec_dynamic_liveJournal_results.txt,0.0757
clang_O2_exec_dynamic_liveJournal_results.txt,0.0755
clang_O2_exec_dynamic_liveJournal_results.txt,0.0768
clang_O2_exec_dynamic_liveJournal_results.txt,0.0746
clang_O2_exec_dynamic_liveJournal_results.txt,0.0757
clang_O2_exec_dynamic_liveJournal_results.txt,0.0744
clang_O2_exec_dynamic_orkut_results.txt,0.1654
clang_O2_exec_dynamic_orkut_results.txt,0.1609
clang_O2_exec_dynamic_orkut_results.txt,0.1609
clang_O2_exec_dynamic_orkut_results.txt,0.1695
clang_O2_exec_dynamic_orkut_results.txt,0.1657
clang_O2_exec_dynamic_orkut_results.txt,0.1643
clang_O2_exec_dynamic_orkut_results.txt,0.1675
clang_O2_exec_dynamic_orkut_results.txt,0.1691
clang_O2_exec_dynamic_orkut_results.txt,0.1701
clang_O2_exec_dynamic_orkut_results.txt,0.1766
clang_O2_exec_dynamic_orkut_results.txt,0.1709
clang_O2_exec_dynamic_orkut_results.txt,0.1747
clang_O2_exec_dynamic_orkut_results.txt,0.1758
clang_O2_exec_dynamic_orkut_results.txt,0.1714
clang_O2_exec_dynamic_orkut_results.txt,0.1753
clang_O2_exec_dynamic_orkut_results.txt,0.1764
clang_O2_exec_dynamic_orkut_results.txt,0.1749
clang_O2_exec_dynamic_orkut_results.txt,0.1767
clang_O2_exec_dynamic_orkut_results.txt,0.1800
clang_O2_exec_dynamic_orkut_results.txt,0.1806
clang_O2_exec_dynamic_youtube_results.txt,0.0541
clang_O2_exec_dynamic_youtube_results.txt,0.0514
clang_O2_exec_dynamic_youtube_results.txt,0.0172
clang_O2_exec_dynamic_youtube_results.txt,0.0135
clang_O2_exec_dynamic_youtube_results.txt,0.0130
clang_O2_exec_dynamic_youtube_results.txt,0.0133
clang_O2_exec_dynamic_youtube_results.txt,0.0124
clang_O2_exec_dynamic_youtube_results.txt,0.0151
clang_O2_exec_dynamic_youtube_results.txt,0.0126
clang_O2_exec_dynamic_youtube_results.txt,0.0135
clang_O2_exec_dynamic_youtube_results.txt,0.0136
clang_O2_exec_dynamic_youtube_results.txt,0.0125
clang_O2_exec_dynamic_youtube_results.txt,0.0177
clang_O2_exec_dynamic_youtube_results.txt,0.0153
clang_O2_exec_dynamic_youtube_results.txt,0.0139
clang_O2_exec_dynamic_youtube_results.txt,0.0132
clang_O2_exec_dynamic_youtube_results.txt,0.0131
clang_O2_exec_dynamic_youtube_results.txt,0.0135
clang_O2_exec_dynamic_youtube_results.txt,0.0142
clang_O2_exec_dynamic_youtube_results.txt,0.0131
clang_O2_exec_guided_liveJournal_results.txt,0.0809
clang_O2_exec_guided_liveJournal_results.txt,0.0642
clang_O2_exec_guided_liveJournal_results.txt,0.0661
clang_O2_exec_guided_liveJournal_results.txt,0.0642
clang_O2_exec_guided_liveJournal_results.txt,0.0648
clang_O2_exec_guided_liveJournal_results.txt,0.0654
clang_O2_exec_guided_liveJournal_results.txt,0.0675
clang_O2_exec_guided_liveJournal_results.txt,0.0668
clang_O2_exec_guided_liveJournal_results.txt,0.0655
clang_O2_exec_guided_liveJournal_results.txt,0.0644
clang_O2_exec_guided_liveJournal_results.txt,0.0669
clang_O2_exec_guided_liveJournal_results.txt,0.0649
clang_O2_exec_guided_liveJournal_results.txt,0.0652
clang_O2_exec_guided_liveJournal_results.txt,0.0660
clang_O2_exec_guided_liveJournal_results.txt,0.0659
clang_O2_exec_guided_liveJournal_results.txt,0.0637
clang_O2_exec_guided_liveJournal_results.txt,0.0655
clang_O2_exec_guided_liveJournal_results.txt,0.0674
clang_O2_exec_guided_liveJournal_results.txt,0.0635
clang_O2_exec_guided_liveJournal_results.txt,0.0687
clang_O2_exec_guided_orkut_results.txt,0.1787
clang_O2_exec_guided_orkut_results.txt,0.1819
clang_O2_exec_guided_orkut_results.txt,0.1848
clang_O2_exec_guided_orkut_results.txt,0.1837
clang_O2_exec_guided_orkut_results.txt,0.1867
clang_O2_exec_guided_orkut_results.txt,0.1826
clang_O2_exec_guided_orkut_results.txt,0.1841
clang_O2_exec_guided_orkut_results.txt,0.1827
clang_O2_exec_guided_orkut_results.txt,0.1836
clang_O2_exec_guided_orkut_results.txt,0.1774
clang_O2_exec_guided_orkut_results.txt,0.2044
clang_O2_exec_guided_orkut_results.txt,0.1850
clang_O2_exec_guided_orkut_results.txt,0.1851
clang_O2_exec_guided_orkut_results.txt,0.1937
clang_O2_exec_guided_orkut_results.txt,0.1806
clang_O2_exec_guided_orkut_results.txt,0.1794
clang_O2_exec_guided_orkut_results.txt,0.1809
clang_O2_exec_guided_orkut_results.txt,0.1768
clang_O2_exec_guided_orkut_results.txt,0.1763
clang_O2_exec_guided_orkut_results.txt,0.1785
clang_O2_exec_guided_youtube_results.txt,0.0701
clang_O2_exec_guided_youtube_results.txt,0.0415
clang_O2_exec_guided_youtube_results.txt,0.0128
clang_O2_exec_guided_youtube_results.txt,0.0133
clang_O2_exec_guided_youtube_results.txt,0.0158
clang_O2_exec_guided_youtube_results.txt,0.0246
clang_O2_exec_guided_youtube_results.txt,0.0124
clang_O2_exec_guided_youtube_results.txt,0.0127
clang_O2_exec_guided_youtube_results.txt,0.0151
clang_O2_exec_guided_youtube_results.txt,0.0169
clang_O2_exec_guided_youtube_results.txt,0.0131
clang_O2_exec_guided_youtube_results.txt,0.0133
clang_O2_exec_guided_youtube_results.txt,0.0128
clang_O2_exec_guided_youtube_results.txt,0.0128
clang_O2_exec_guided_youtube_results.txt,0.0150
clang_O2_exec_guided_youtube_results.txt,0.0131
clang_O2_exec_guided_youtube_results.txt,0.0142
clang_O2_exec_guided_youtube_results.txt,0.0132
clang_O2_exec_guided_youtube_results.txt,0.0124
clang_O2_exec_guided_youtube_results.txt,0.0162
clang_O2_exec_static_liveJournal_results.txt,0.0661
clang_O2_exec_static_liveJournal_results.txt,0.0661
clang_O2_exec_static_liveJournal_results.txt,0.0654
clang_O2_exec_static_liveJournal_results.txt,0.0655
clang_O2_exec_static_liveJournal_results.txt,0.0654
clang_O2_exec_static_liveJournal_results.txt,0.0657
clang_O2_exec_static_liveJournal_results.txt,0.0641
clang_O2_exec_static_liveJournal_results.txt,0.0671
clang_O2_exec_static_liveJournal_results.txt,0.0664
clang_O2_exec_static_liveJournal_results.txt,0.0652
clang_O2_exec_static_liveJournal_results.txt,0.0651
clang_O2_exec_static_liveJournal_results.txt,0.0640
clang_O2_exec_static_liveJournal_results.txt,0.0649
clang_O2_exec_static_liveJournal_results.txt,0.0655
clang_O2_exec_static_liveJournal_results.txt,0.0653
clang_O2_exec_static_liveJournal_results.txt,0.0654
clang_O2_exec_static_liveJournal_results.txt,0.0655
clang_O2_exec_static_liveJournal_results.txt,0.0658
clang_O2_exec_static_liveJournal_results.txt,0.0642
clang_O2_exec_static_liveJournal_results.txt,0.0645
clang_O2_exec_static_orkut_results.txt,0.1658
clang_O2_exec_static_orkut_results.txt,0.1726
clang_O2_exec_static_orkut_results.txt,0.1791
clang_O2_exec_static_orkut_results.txt,0.1774
clang_O2_exec_static_orkut_results.txt,0.1830
clang_O2_exec_static_orkut_results.txt,0.1781
clang_O2_exec_static_orkut_results.txt,0.1829
clang_O2_exec_static_orkut_results.txt,0.1769
clang_O2_exec_static_orkut_results.txt,0.1755
clang_O2_exec_static_orkut_results.txt,0.1773
clang_O2_exec_static_orkut_results.txt,0.1752
clang_O2_exec_static_orkut_results.txt,0.1806
clang_O2_exec_static_orkut_results.txt,0.1805
clang_O2_exec_static_orkut_results.txt,0.1865
clang_O2_exec_static_orkut_results.txt,0.1716
clang_O2_exec_static_orkut_results.txt,0.1777
clang_O2_exec_static_orkut_results.txt,0.1834
clang_O2_exec_static_orkut_results.txt,0.1759
clang_O2_exec_static_orkut_results.txt,0.1835
clang_O2_exec_static_orkut_results.txt,0.1764
clang_O2_exec_static_youtube_results.txt,0.0155
clang_O2_exec_static_youtube_results.txt,0.0133
clang_O2_exec_static_youtube_results.txt,0.0590
clang_O2_exec_static_youtube_results.txt,0.0134
clang_O2_exec_static_youtube_results.txt,0.0131
clang_O2_exec_static_youtube_results.txt,0.0137
clang_O2_exec_static_youtube_results.txt,0.0158
clang_O2_exec_static_youtube_results.txt,0.0129
clang_O2_exec_static_youtube_results.txt,0.0135
clang_O2_exec_static_youtube_results.txt,0.0142
clang_O2_exec_static_youtube_results.txt,0.0159
clang_O2_exec_static_youtube_results.txt,0.0135
clang_O2_exec_static_youtube_results.txt,0.0125
clang_O2_exec_static_youtube_results.txt,0.0128
clang_O2_exec_static_youtube_results.txt,0.0125
clang_O2_exec_static_youtube_results.txt,0.0162
clang_O2_exec_static_youtube_results.txt,0.0124
clang_O2_exec_static_youtube_results.txt,0.0137
clang_O2_exec_static_youtube_results.txt,0.0135
clang_O2_exec_static_youtube_results.txt,0.0134
clang_O3_exec_auto_liveJournal_results.txt,0.0629
clang_O3_exec_auto_liveJournal_results.txt,0.0617
clang_O3_exec_auto_liveJournal_results.txt,0.0657
clang_O3_exec_auto_liveJournal_results.txt,0.0640
clang_O3_exec_auto_liveJournal_results.txt,0.0663
clang_O3_exec_auto_liveJournal_results.txt,0.0888
clang_O3_exec_auto_liveJournal_results.txt,0.0689
clang_O3_exec_auto_liveJournal_results.txt,0.0639
clang_O3_exec_auto_liveJournal_results.txt,0.0625
clang_O3_exec_auto_liveJournal_results.txt,0.0638
clang_O3_exec_auto_liveJournal_results.txt,0.0708
clang_O3_exec_auto_liveJournal_results.txt,0.0638
clang_O3_exec_auto_liveJournal_results.txt,0.0625
clang_O3_exec_auto_liveJournal_results.txt,0.0642
clang_O3_exec_auto_liveJournal_results.txt,0.0635
clang_O3_exec_auto_liveJournal_results.txt,0.0625
clang_O3_exec_auto_liveJournal_results.txt,0.0647
clang_O3_exec_auto_liveJournal_results.txt,0.0651
clang_O3_exec_auto_liveJournal_results.txt,0.0691
clang_O3_exec_auto_liveJournal_results.txt,0.0651
clang_O3_exec_auto_orkut_results.txt,0.1630
clang_O3_exec_auto_orkut_results.txt,0.1843
clang_O3_exec_auto_orkut_results.txt,0.1842
clang_O3_exec_auto_orkut_results.txt,0.1886
clang_O3_exec_auto_orkut_results.txt,0.1847
clang_O3_exec_auto_orkut_results.txt,0.1834
clang_O3_exec_auto_orkut_results.txt,0.1881
clang_O3_exec_auto_orkut_results.txt,0.1770
clang_O3_exec_auto_orkut_results.txt,0.1806
clang_O3_exec_auto_orkut_results.txt,0.1829
clang_O3_exec_auto_orkut_results.txt,0.1793
clang_O3_exec_auto_orkut_results.txt,0.1812
clang_O3_exec_auto_orkut_results.txt,0.1784
clang_O3_exec_auto_orkut_results.txt,0.1812
clang_O3_exec_auto_orkut_results.txt,0.1774
clang_O3_exec_auto_orkut_results.txt,0.1817
clang_O3_exec_auto_orkut_results.txt,0.1811
clang_O3_exec_auto_orkut_results.txt,0.1796
clang_O3_exec_auto_orkut_results.txt,0.1811
clang_O3_exec_auto_orkut_results.txt,0.1799
clang_O3_exec_auto_youtube_results.txt,0.0292
clang_O3_exec_auto_youtube_results.txt,0.0127
clang_O3_exec_auto_youtube_results.txt,0.0542
clang_O3_exec_auto_youtube_results.txt,0.0124
clang_O3_exec_auto_youtube_results.txt,0.0125
clang_O3_exec_auto_youtube_results.txt,0.0160
clang_O3_exec_auto_youtube_results.txt,0.0126
clang_O3_exec_auto_youtube_results.txt,0.0126
clang_O3_exec_auto_youtube_results.txt,0.0124
clang_O3_exec_auto_youtube_results.txt,0.0142
clang_O3_exec_auto_youtube_results.txt,0.0158
clang_O3_exec_auto_youtube_results.txt,0.0142
clang_O3_exec_auto_youtube_results.txt,0.0138
clang_O3_exec_auto_youtube_results.txt,0.0139
clang_O3_exec_auto_youtube_results.txt,0.0137
clang_O3_exec_auto_youtube_results.txt,0.0149
clang_O3_exec_auto_youtube_results.txt,0.0154
clang_O3_exec_auto_youtube_results.txt,0.0123
clang_O3_exec_auto_youtube_results.txt,0.0124
clang_O3_exec_auto_youtube_results.txt,0.0126
clang_O3_exec_dynamic_liveJournal_results.txt,0.0660
clang_O3_exec_dynamic_liveJournal_results.txt,0.0648
clang_O3_exec_dynamic_liveJournal_results.txt,0.0636
clang_O3_exec_dynamic_liveJournal_results.txt,0.0645
clang_O3_exec_dynamic_liveJournal_results.txt,0.0668
clang_O3_exec_dynamic_liveJournal_results.txt,0.0646
clang_O3_exec_dynamic_liveJournal_results.txt,0.0649
clang_O3_exec_dynamic_liveJournal_results.txt,0.0630
clang_O3_exec_dynamic_liveJournal_results.txt,0.0637
clang_O3_exec_dynamic_liveJournal_results.txt,0.0641
clang_O3_exec_dynamic_liveJournal_results.txt,0.0669
clang_O3_exec_dynamic_liveJournal_results.txt,0.0648
clang_O3_exec_dynamic_liveJournal_results.txt,0.0599
clang_O3_exec_dynamic_liveJournal_results.txt,0.0934
clang_O3_exec_dynamic_liveJournal_results.txt,0.0592
clang_O3_exec_dynamic_liveJournal_results.txt,0.0637
clang_O3_exec_dynamic_liveJournal_results.txt,0.0641
clang_O3_exec_dynamic_liveJournal_results.txt,0.0637
clang_O3_exec_dynamic_liveJournal_results.txt,0.0646
clang_O3_exec_dynamic_liveJournal_results.txt,0.0644
clang_O3_exec_dynamic_orkut_results.txt,0.1638
clang_O3_exec_dynamic_orkut_results.txt,0.1642
clang_O3_exec_dynamic_orkut_results.txt,0.1808
clang_O3_exec_dynamic_orkut_results.txt,0.1828
clang_O3_exec_dynamic_orkut_results.txt,0.1773
clang_O3_exec_dynamic_orkut_results.txt,0.1780
clang_O3_exec_dynamic_orkut_results.txt,0.1785
clang_O3_exec_dynamic_orkut_results.txt,0.1800
clang_O3_exec_dynamic_orkut_results.txt,0.1815
clang_O3_exec_dynamic_orkut_results.txt,0.1830
clang_O3_exec_dynamic_orkut_results.txt,0.1821
clang_O3_exec_dynamic_orkut_results.txt,0.1833
clang_O3_exec_dynamic_orkut_results.txt,0.1819
clang_O3_exec_dynamic_orkut_results.txt,0.1791
clang_O3_exec_dynamic_orkut_results.txt,0.1868
clang_O3_exec_dynamic_orkut_results.txt,0.1924
clang_O3_exec_dynamic_orkut_results.txt,0.1881
clang_O3_exec_dynamic_orkut_results.txt,0.1885
clang_O3_exec_dynamic_orkut_results.txt,0.1784
clang_O3_exec_dynamic_orkut_results.txt,0.1799
clang_O3_exec_dynamic_youtube_results.txt,0.0445
clang_O3_exec_dynamic_youtube_results.txt,0.0633
clang_O3_exec_dynamic_youtube_results.txt,0.0156
clang_O3_exec_dynamic_youtube_results.txt,0.0134
clang_O3_exec_dynamic_youtube_results.txt,0.0123
clang_O3_exec_dynamic_youtube_results.txt,0.0132
clang_O3_exec_dynamic_youtube_results.txt,0.0156
clang_O3_exec_dynamic_youtube_results.txt,0.0133
clang_O3_exec_dynamic_youtube_results.txt,0.0123
clang_O3_exec_dynamic_youtube_results.txt,0.0158
clang_O3_exec_dynamic_youtube_results.txt,0.0154
clang_O3_exec_dynamic_youtube_results.txt,0.0125
clang_O3_exec_dynamic_youtube_results.txt,0.0129
clang_O3_exec_dynamic_youtube_results.txt,0.0134
clang_O3_exec_dynamic_youtube_results.txt,0.0128
clang_O3_exec_dynamic_youtube_results.txt,0.0128
clang_O3_exec_dynamic_youtube_results.txt,0.0129
clang_O3_exec_dynamic_youtube_results.txt,0.0152
clang_O3_exec_dynamic_youtube_results.txt,0.0131
clang_O3_exec_dynamic_youtube_results.txt,0.0147
clang_O3_exec_guided_liveJournal_results.txt,0.0633
clang_O3_exec_guided_liveJournal_results.txt,0.0644
clang_O3_exec_guided_liveJournal_results.txt,0.0639
clang_O3_exec_guided_liveJournal_results.txt,0.0643
clang_O3_exec_guided_liveJournal_results.txt,0.0641
clang_O3_exec_guided_liveJournal_results.txt,0.0635
clang_O3_exec_guided_liveJournal_results.txt,0.0646
clang_O3_exec_guided_liveJournal_results.txt,0.0642
clang_O3_exec_guided_liveJournal_results.txt,0.0639
clang_O3_exec_guided_liveJournal_results.txt,0.0641
clang_O3_exec_guided_liveJournal_results.txt,0.0644
clang_O3_exec_guided_liveJournal_results.txt,0.0626
clang_O3_exec_guided_liveJournal_results.txt,0.0682
clang_O3_exec_guided_liveJournal_results.txt,0.0637
clang_O3_exec_guided_liveJournal_results.txt,0.0649
clang_O3_exec_guided_liveJournal_results.txt,0.0631
clang_O3_exec_guided_liveJournal_results.txt,0.1457
clang_O3_exec_guided_liveJournal_results.txt,0.0637
clang_O3_exec_guided_liveJournal_results.txt,0.0646
clang_O3_exec_guided_liveJournal_results.txt,0.0653
clang_O3_exec_guided_orkut_results.txt,0.1608
clang_O3_exec_guided_orkut_results.txt,0.1800
clang_O3_exec_guided_orkut_results.txt,0.1781
clang_O3_exec_guided_orkut_results.txt,0.1794
clang_O3_exec_guided_orkut_results.txt,0.1760
clang_O3_exec_guided_orkut_results.txt,0.1721
clang_O3_exec_guided_orkut_results.txt,0.1764
clang_O3_exec_guided_orkut_results.txt,0.1717
clang_O3_exec_guided_orkut_results.txt,0.1744
clang_O3_exec_guided_orkut_results.txt,0.1771
clang_O3_exec_guided_orkut_results.txt,0.1733
clang_O3_exec_guided_orkut_results.txt,0.1729
clang_O3_exec_guided_orkut_results.txt,0.1761
clang_O3_exec_guided_orkut_results.txt,0.1757
clang_O3_exec_guided_orkut_results.txt,0.1724
clang_O3_exec_guided_orkut_results.txt,0.1769
clang_O3_exec_guided_orkut_results.txt,0.1757
clang_O3_exec_guided_orkut_results.txt,0.1805
clang_O3_exec_guided_orkut_results.txt,0.1793
clang_O3_exec_guided_orkut_results.txt,0.1781
clang_O3_exec_guided_youtube_results.txt,0.0461
clang_O3_exec_guided_youtube_results.txt,0.0561
clang_O3_exec_guided_youtube_results.txt,0.0234
clang_O3_exec_guided_youtube_results.txt,0.0128
clang_O3_exec_guided_youtube_results.txt,0.0132
clang_O3_exec_guided_youtube_results.txt,0.0131
clang_O3_exec_guided_youtube_results.txt,0.0157
clang_O3_exec_guided_youtube_results.txt,0.0138
clang_O3_exec_guided_youtube_results.txt,0.0133
clang_O3_exec_guided_youtube_results.txt,0.0133
clang_O3_exec_guided_youtube_results.txt,0.0200
clang_O3_exec_guided_youtube_results.txt,0.0156
clang_O3_exec_guided_youtube_results.txt,0.0129
clang_O3_exec_guided_youtube_results.txt,0.0128
clang_O3_exec_guided_youtube_results.txt,0.0126
clang_O3_exec_guided_youtube_results.txt,0.0127
clang_O3_exec_guided_youtube_results.txt,0.0127
clang_O3_exec_guided_youtube_results.txt,0.0151
clang_O3_exec_guided_youtube_results.txt,0.0158
clang_O3_exec_guided_youtube_results.txt,0.0133
clang_O3_exec_static_liveJournal_results.txt,0.0648
clang_O3_exec_static_liveJournal_results.txt,0.0649
clang_O3_exec_static_liveJournal_results.txt,0.0632
clang_O3_exec_static_liveJournal_results.txt,0.0635
clang_O3_exec_static_liveJournal_results.txt,0.0641
clang_O3_exec_static_liveJournal_results.txt,0.0626
clang_O3_exec_static_liveJournal_results.txt,0.0662
clang_O3_exec_static_liveJournal_results.txt,0.0639
clang_O3_exec_static_liveJournal_results.txt,0.0628
clang_O3_exec_static_liveJournal_results.txt,0.0634
clang_O3_exec_static_liveJournal_results.txt,0.0636
clang_O3_exec_static_liveJournal_results.txt,0.0639
clang_O3_exec_static_liveJournal_results.txt,0.0649
clang_O3_exec_static_liveJournal_results.txt,0.0651
clang_O3_exec_static_liveJournal_results.txt,0.0651
clang_O3_exec_static_liveJournal_results.txt,0.0651
clang_O3_exec_static_liveJournal_results.txt,0.0643
clang_O3_exec_static_liveJournal_results.txt,0.0644
clang_O3_exec_static_liveJournal_results.txt,0.0634
clang_O3_exec_static_liveJournal_results.txt,0.0643
clang_O3_exec_static_orkut_results.txt,0.1609
clang_O3_exec_static_orkut_results.txt,0.1786
clang_O3_exec_static_orkut_results.txt,0.1783
clang_O3_exec_static_orkut_results.txt,0.1791
clang_O3_exec_static_orkut_results.txt,0.1729
clang_O3_exec_static_orkut_results.txt,0.1754
clang_O3_exec_static_orkut_results.txt,0.1757
clang_O3_exec_static_orkut_results.txt,0.1794
clang_O3_exec_static_orkut_results.txt,0.1762
clang_O3_exec_static_orkut_results.txt,0.2066
clang_O3_exec_static_orkut_results.txt,0.1786
clang_O3_exec_static_orkut_results.txt,0.1801
clang_O3_exec_static_orkut_results.txt,0.1833
clang_O3_exec_static_orkut_results.txt,0.1755
clang_O3_exec_static_orkut_results.txt,0.1720
clang_O3_exec_static_orkut_results.txt,0.1817
clang_O3_exec_static_orkut_results.txt,0.1808
clang_O3_exec_static_orkut_results.txt,0.1846
clang_O3_exec_static_orkut_results.txt,0.1844
clang_O3_exec_static_orkut_results.txt,0.1782
clang_O3_exec_static_youtube_results.txt,0.0755
clang_O3_exec_static_youtube_results.txt,0.0392
clang_O3_exec_static_youtube_results.txt,0.0123
clang_O3_exec_static_youtube_results.txt,0.0173
clang_O3_exec_static_youtube_results.txt,0.0126
clang_O3_exec_static_youtube_results.txt,0.0133
clang_O3_exec_static_youtube_results.txt,0.0139
clang_O3_exec_static_youtube_results.txt,0.0211
clang_O3_exec_static_youtube_results.txt,0.0127
clang_O3_exec_static_youtube_results.txt,0.0130
clang_O3_exec_static_youtube_results.txt,0.0129
clang_O3_exec_static_youtube_results.txt,0.0133
clang_O3_exec_static_youtube_results.txt,0.0122
clang_O3_exec_static_youtube_results.txt,0.0156
clang_O3_exec_static_youtube_results.txt,0.0147
clang_O3_exec_static_youtube_results.txt,0.0126
clang_O3_exec_static_youtube_results.txt,0.0130
clang_O3_exec_static_youtube_results.txt,0.0129
clang_O3_exec_static_youtube_results.txt,0.0164
clang_O3_exec_static_youtube_results.txt,0.0126
gcc_O0_exec_auto_liveJournal_results.txt,0.1272
gcc_O0_exec_auto_liveJournal_results.txt,0.1314
gcc_O0_exec_auto_liveJournal_results.txt,0.1314
gcc_O0_exec_auto_liveJournal_results.txt,0.1283
gcc_O0_exec_auto_liveJournal_results.txt,0.1284
gcc_O0_exec_auto_liveJournal_results.txt,0.1294
gcc_O0_exec_auto_liveJournal_results.txt,0.1301
gcc_O0_exec_auto_liveJournal_results.txt,0.1275
gcc_O0_exec_auto_liveJournal_results.txt,0.1292
gcc_O0_exec_auto_liveJournal_results.txt,0.1305
gcc_O0_exec_auto_liveJournal_results.txt,0.1313
gcc_O0_exec_auto_liveJournal_results.txt,0.1362
gcc_O0_exec_auto_liveJournal_results.txt,0.1309
gcc_O0_exec_auto_liveJournal_results.txt,0.1312
gcc_O0_exec_auto_liveJournal_results.txt,0.1308
gcc_O0_exec_auto_liveJournal_results.txt,0.1303
gcc_O0_exec_auto_liveJournal_results.txt,0.1314
gcc_O0_exec_auto_liveJournal_results.txt,0.1309
gcc_O0_exec_auto_liveJournal_results.txt,0.1301
gcc_O0_exec_auto_liveJournal_results.txt,0.1286
gcc_O0_exec_auto_orkut_results.txt,0.3544
gcc_O0_exec_auto_orkut_results.txt,0.3680
gcc_O0_exec_auto_orkut_results.txt,0.3660
gcc_O0_exec_auto_orkut_results.txt,0.3659
gcc_O0_exec_auto_orkut_results.txt,0.3643
gcc_O0_exec_auto_orkut_results.txt,0.3660
gcc_O0_exec_auto_orkut_results.txt,0.3686
gcc_O0_exec_auto_orkut_results.txt,0.3650
gcc_O0_exec_auto_orkut_results.txt,0.3653
gcc_O0_exec_auto_orkut_results.txt,0.3609
gcc_O0_exec_auto_orkut_results.txt,0.3645
gcc_O0_exec_auto_orkut_results.txt,0.3652
gcc_O0_exec_auto_orkut_results.txt,0.3635
gcc_O0_exec_auto_orkut_results.txt,0.3686
gcc_O0_exec_auto_orkut_results.txt,0.3748
gcc_O0_exec_auto_orkut_results.txt,0.3722
gcc_O0_exec_auto_orkut_results.txt,0.3681
gcc_O0_exec_auto_orkut_results.txt,0.3678
gcc_O0_exec_auto_orkut_results.txt,0.3619
gcc_O0_exec_auto_orkut_results.txt,0.3648
gcc_O0_exec_auto_youtube_results.txt,0.0554
gcc_O0_exec_auto_youtube_results.txt,0.0724
gcc_O0_exec_auto_youtube_results.txt,0.0278
gcc_O0_exec_auto_youtube_results.txt,0.0292
gcc_O0_exec_auto_youtube_results.txt,0.0272
gcc_O0_exec_auto_youtube_results.txt,0.0271
gcc_O0_exec_auto_youtube_results.txt,0.0293
gcc_O0_exec_auto_youtube_results.txt,0.0272
gcc_O0_exec_auto_youtube_results.txt,0.0273
gcc_O0_exec_auto_youtube_results.txt,0.0271
gcc_O0_exec_auto_youtube_results.txt,0.0282
gcc_O0_exec_auto_youtube_results.txt,0.0284
gcc_O0_exec_auto_youtube_results.txt,0.0291
gcc_O0_exec_auto_youtube_results.txt,0.0283
gcc_O0_exec_auto_youtube_results.txt,0.0311
gcc_O0_exec_auto_youtube_results.txt,0.0271
gcc_O0_exec_auto_youtube_results.txt,0.0269
gcc_O0_exec_auto_youtube_results.txt,0.0290
gcc_O0_exec_auto_youtube_results.txt,0.0285
gcc_O0_exec_auto_youtube_results.txt,0.0270
gcc_O0_exec_dynamic_liveJournal_results.txt,0.1863
gcc_O0_exec_dynamic_liveJournal_results.txt,0.1346
gcc_O0_exec_dynamic_liveJournal_results.txt,0.1339
gcc_O0_exec_dynamic_liveJournal_results.txt,0.1342
gcc_O0_exec_dynamic_liveJournal_results.txt,0.2239
gcc_O0_exec_dynamic_liveJournal_results.txt,0.2332
gcc_O0_exec_dynamic_liveJournal_results.txt,0.2168
gcc_O0_exec_dynamic_liveJournal_results.txt,0.1497
gcc_O0_exec_dynamic_liveJournal_results.txt,0.1319
gcc_O0_exec_dynamic_liveJournal_results.txt,0.2357
gcc_O0_exec_dynamic_liveJournal_results.txt,0.2739
gcc_O0_exec_dynamic_liveJournal_results.txt,0.1519
gcc_O0_exec_dynamic_liveJournal_results.txt,0.1328
gcc_O0_exec_dynamic_liveJournal_results.txt,0.1317
gcc_O0_exec_dynamic_liveJournal_results.txt,0.1340
gcc_O0_exec_dynamic_liveJournal_results.txt,0.1328
gcc_O0_exec_dynamic_liveJournal_results.txt,0.1463
gcc_O0_exec_dynamic_liveJournal_results.txt,0.2689
gcc_O0_exec_dynamic_liveJournal_results.txt,0.1367
gcc_O0_exec_dynamic_liveJournal_results.txt,0.1368
gcc_O0_exec_dynamic_orkut_results.txt,0.3567
gcc_O0_exec_dynamic_orkut_results.txt,0.3530
gcc_O0_exec_dynamic_orkut_results.txt,0.4259
gcc_O0_exec_dynamic_orkut_results.txt,0.3564
gcc_O0_exec_dynamic_orkut_results.txt,0.3553
gcc_O0_exec_dynamic_orkut_results.txt,0.3528
gcc_O0_exec_dynamic_orkut_results.txt,0.3524
gcc_O0_exec_dynamic_orkut_results.txt,0.3560
gcc_O0_exec_dynamic_orkut_results.txt,0.3575
gcc_O0_exec_dynamic_orkut_results.txt,0.3524
gcc_O0_exec_dynamic_orkut_results.txt,0.3588
gcc_O0_exec_dynamic_orkut_results.txt,0.3557
gcc_O0_exec_dynamic_orkut_results.txt,0.3544
gcc_O0_exec_dynamic_orkut_results.txt,0.3545
gcc_O0_exec_dynamic_orkut_results.txt,0.3583
gcc_O0_exec_dynamic_orkut_results.txt,0.3529
gcc_O0_exec_dynamic_orkut_results.txt,0.3607
gcc_O0_exec_dynamic_orkut_results.txt,0.3570
gcc_O0_exec_dynamic_orkut_results.txt,0.3521
gcc_O0_exec_dynamic_orkut_results.txt,0.3532
gcc_O0_exec_dynamic_youtube_results.txt,0.0865
gcc_O0_exec_dynamic_youtube_results.txt,0.0491
gcc_O0_exec_dynamic_youtube_results.txt,0.0286
gcc_O0_exec_dynamic_youtube_results.txt,0.0269
gcc_O0_exec_dynamic_youtube_results.txt,0.0306
gcc_O0_exec_dynamic_youtube_results.txt,0.0279
gcc_O0_exec_dynamic_youtube_results.txt,0.0284
gcc_O0_exec_dynamic_youtube_results.txt,0.0305
gcc_O0_exec_dynamic_youtube_results.txt,0.0294
gcc_O0_exec_dynamic_youtube_results.txt,0.0294
gcc_O0_exec_dynamic_youtube_results.txt,0.0274
gcc_O0_exec_dynamic_youtube_results.txt,0.0306
gcc_O0_exec_dynamic_youtube_results.txt,0.0280
gcc_O0_exec_dynamic_youtube_results.txt,0.0282
gcc_O0_exec_dynamic_youtube_results.txt,0.0306
gcc_O0_exec_dynamic_youtube_results.txt,0.0286
gcc_O0_exec_dynamic_youtube_results.txt,0.0286
gcc_O0_exec_dynamic_youtube_results.txt,0.0305
gcc_O0_exec_dynamic_youtube_results.txt,0.0286
gcc_O0_exec_dynamic_youtube_results.txt,0.0300
gcc_O0_exec_guided_liveJournal_results.txt,0.1295
gcc_O0_exec_guided_liveJournal_results.txt,0.1288
gcc_O0_exec_guided_liveJournal_results.txt,0.1300
gcc_O0_exec_guided_liveJournal_results.txt,0.1265
gcc_O0_exec_guided_liveJournal_results.txt,0.1289
gcc_O0_exec_guided_liveJournal_results.txt,0.1273
gcc_O0_exec_guided_liveJournal_results.txt,0.1318
gcc_O0_exec_guided_liveJournal_results.txt,0.1320
gcc_O0_exec_guided_liveJournal_results.txt,0.1314
gcc_O0_exec_guided_liveJournal_results.txt,0.1356
gcc_O0_exec_guided_liveJournal_results.txt,0.1296
gcc_O0_exec_guided_liveJournal_results.txt,0.1319
gcc_O0_exec_guided_liveJournal_results.txt,0.1839
gcc_O0_exec_guided_liveJournal_results.txt,0.1405
gcc_O0_exec_guided_liveJournal_results.txt,0.1275
gcc_O0_exec_guided_liveJournal_results.txt,0.1299
gcc_O0_exec_guided_liveJournal_results.txt,0.1276
gcc_O0_exec_guided_liveJournal_results.txt,0.1310
gcc_O0_exec_guided_liveJournal_results.txt,0.1339
gcc_O0_exec_guided_liveJournal_results.txt,0.1301
gcc_O0_exec_guided_orkut_results.txt,0.3523
gcc_O0_exec_guided_orkut_results.txt,0.3673
gcc_O0_exec_guided_orkut_results.txt,0.3611
gcc_O0_exec_guided_orkut_results.txt,0.3538
gcc_O0_exec_guided_orkut_results.txt,0.3632
gcc_O0_exec_guided_orkut_results.txt,0.3562
gcc_O0_exec_guided_orkut_results.txt,0.3583
gcc_O0_exec_guided_orkut_results.txt,0.3549
gcc_O0_exec_guided_orkut_results.txt,0.3605
gcc_O0_exec_guided_orkut_results.txt,0.3584
gcc_O0_exec_guided_orkut_results.txt,0.3603
gcc_O0_exec_guided_orkut_results.txt,0.3614
gcc_O0_exec_guided_orkut_results.txt,0.3610
gcc_O0_exec_guided_orkut_results.txt,0.3625
gcc_O0_exec_guided_orkut_results.txt,0.3654
gcc_O0_exec_guided_orkut_results.txt,0.3606
gcc_O0_exec_guided_orkut_results.txt,0.3612
gcc_O0_exec_guided_orkut_results.txt,0.3624
gcc_O0_exec_guided_orkut_results.txt,0.3583
gcc_O0_exec_guided_orkut_results.txt,0.3637
gcc_O0_exec_guided_youtube_results.txt,0.0512
gcc_O0_exec_guided_youtube_results.txt,0.0584
gcc_O0_exec_guided_youtube_results.txt,0.0297
gcc_O0_exec_guided_youtube_results.txt,0.0314
gcc_O0_exec_guided_youtube_results.txt,0.0284
gcc_O0_exec_guided_youtube_results.txt,0.0269
gcc_O0_exec_guided_youtube_results.txt,0.0387
gcc_O0_exec_guided_youtube_results.txt,0.0269
gcc_O0_exec_guided_youtube_results.txt,0.0344
gcc_O0_exec_guided_youtube_results.txt,0.0272
gcc_O0_exec_guided_youtube_results.txt,0.0278
gcc_O0_exec_guided_youtube_results.txt,0.0281
gcc_O0_exec_guided_youtube_results.txt,0.0279
gcc_O0_exec_guided_youtube_results.txt,0.0311
gcc_O0_exec_guided_youtube_results.txt,0.0286
gcc_O0_exec_guided_youtube_results.txt,0.0276
gcc_O0_exec_guided_youtube_results.txt,0.0280
gcc_O0_exec_guided_youtube_results.txt,0.0273
gcc_O0_exec_guided_youtube_results.txt,0.0304
gcc_O0_exec_guided_youtube_results.txt,0.0295
gcc_O0_exec_static_liveJournal_results.txt,0.1275
gcc_O0_exec_static_liveJournal_results.txt,0.1265
gcc_O0_exec_static_liveJournal_results.txt,0.1300
gcc_O0_exec_static_liveJournal_results.txt,0.1296
gcc_O0_exec_static_liveJournal_results.txt,0.1286
gcc_O0_exec_static_liveJournal_results.txt,0.1365
gcc_O0_exec_static_liveJournal_results.txt,0.1327
gcc_O0_exec_static_liveJournal_results.txt,0.1322
gcc_O0_exec_static_liveJournal_results.txt,0.1334
gcc_O0_exec_static_liveJournal_results.txt,0.1304
gcc_O0_exec_static_liveJournal_results.txt,0.1317
gcc_O0_exec_static_liveJournal_results.txt,0.1290
gcc_O0_exec_static_liveJournal_results.txt,0.1286
gcc_O0_exec_static_liveJournal_results.txt,0.1272
gcc_O0_exec_static_liveJournal_results.txt,0.1291
gcc_O0_exec_static_liveJournal_results.txt,0.1314
gcc_O0_exec_static_liveJournal_results.txt,0.1322
gcc_O0_exec_static_liveJournal_results.txt,0.1341
gcc_O0_exec_static_liveJournal_results.txt,0.1321
gcc_O0_exec_static_liveJournal_results.txt,0.1319
gcc_O0_exec_static_orkut_results.txt,0.3574
gcc_O0_exec_static_orkut_results.txt,0.3608
gcc_O0_exec_static_orkut_results.txt,0.3604
gcc_O0_exec_static_orkut_results.txt,0.3638
gcc_O0_exec_static_orkut_results.txt,0.3561
gcc_O0_exec_static_orkut_results.txt,0.3578
gcc_O0_exec_static_orkut_results.txt,0.3647
gcc_O0_exec_static_orkut_results.txt,0.3592
gcc_O0_exec_static_orkut_results.txt,0.3592
gcc_O0_exec_static_orkut_results.txt,0.3596
gcc_O0_exec_static_orkut_results.txt,0.3660
gcc_O0_exec_static_orkut_results.txt,0.3602
gcc_O0_exec_static_orkut_results.txt,0.3658
gcc_O0_exec_static_orkut_results.txt,0.3637
gcc_O0_exec_static_orkut_results.txt,0.3626
gcc_O0_exec_static_orkut_results.txt,0.3604
gcc_O0_exec_static_orkut_results.txt,0.3605
gcc_O0_exec_static_orkut_results.txt,0.3597
gcc_O0_exec_static_orkut_results.txt,0.3620
gcc_O0_exec_static_orkut_results.txt,0.3657
gcc_O0_exec_static_youtube_results.txt,0.0531
gcc_O0_exec_static_youtube_results.txt,0.0526
gcc_O0_exec_static_youtube_results.txt,0.0345
gcc_O0_exec_static_youtube_results.txt,0.0295
gcc_O0_exec_static_youtube_results.txt,0.0311
gcc_O0_exec_static_youtube_results.txt,0.0273
gcc_O0_exec_static_youtube_results.txt,0.0277
gcc_O0_exec_static_youtube_results.txt,0.0285
gcc_O0_exec_static_youtube_results.txt,0.0274
gcc_O0_exec_static_youtube_results.txt,0.0278
gcc_O0_exec_static_youtube_results.txt,0.0294
gcc_O0_exec_static_youtube_results.txt,0.0271
gcc_O0_exec_static_youtube_results.txt,0.0270
gcc_O0_exec_static_youtube_results.txt,0.0289
gcc_O0_exec_static_youtube_results.txt,0.0282
gcc_O0_exec_static_youtube_results.txt,0.0314
gcc_O0_exec_static_youtube_results.txt,0.0312
gcc_O0_exec_static_youtube_results.txt,0.0291
gcc_O0_exec_static_youtube_results.txt,0.0279
gcc_O0_exec_static_youtube_results.txt,0.0276
gcc_O1_exec_auto_liveJournal_results.txt,0.0815
gcc_O1_exec_auto_liveJournal_results.txt,0.0798
gcc_O1_exec_auto_liveJournal_results.txt,0.0804
gcc_O1_exec_auto_liveJournal_results.txt,0.0810
gcc_O1_exec_auto_liveJournal_results.txt,0.0806
gcc_O1_exec_auto_liveJournal_results.txt,0.0810
gcc_O1_exec_auto_liveJournal_results.txt,0.0840
gcc_O1_exec_auto_liveJournal_results.txt,0.0831
gcc_O1_exec_auto_liveJournal_results.txt,0.0800
gcc_O1_exec_auto_liveJournal_results.txt,0.0823
gcc_O1_exec_auto_liveJournal_results.txt,0.0838
gcc_O1_exec_auto_liveJournal_results.txt,0.0798
gcc_O1_exec_auto_liveJournal_results.txt,0.0805
gcc_O1_exec_auto_liveJournal_results.txt,0.0805
gcc_O1_exec_auto_liveJournal_results.txt,0.0807
gcc_O1_exec_auto_liveJournal_results.txt,0.0814
gcc_O1_exec_auto_liveJournal_results.txt,0.0814
gcc_O1_exec_auto_liveJournal_results.txt,0.0822
gcc_O1_exec_auto_liveJournal_results.txt,0.0807
gcc_O1_exec_auto_liveJournal_results.txt,0.0814
gcc_O1_exec_auto_orkut_results.txt,0.2168
gcc_O1_exec_auto_orkut_results.txt,0.1775
gcc_O1_exec_auto_orkut_results.txt,0.1918
gcc_O1_exec_auto_orkut_results.txt,0.1983
gcc_O1_exec_auto_orkut_results.txt,0.1962
gcc_O1_exec_auto_orkut_results.txt,0.2009
gcc_O1_exec_auto_orkut_results.txt,0.2044
gcc_O1_exec_auto_orkut_results.txt,0.2006
gcc_O1_exec_auto_orkut_results.txt,0.2067
gcc_O1_exec_auto_orkut_results.txt,0.1979
gcc_O1_exec_auto_orkut_results.txt,0.1970
gcc_O1_exec_auto_orkut_results.txt,0.1938
gcc_O1_exec_auto_orkut_results.txt,0.1932
gcc_O1_exec_auto_orkut_results.txt,0.2122
gcc_O1_exec_auto_orkut_results.txt,0.2033
gcc_O1_exec_auto_orkut_results.txt,0.1991
gcc_O1_exec_auto_orkut_results.txt,0.2067
gcc_O1_exec_auto_orkut_results.txt,0.2096
gcc_O1_exec_auto_orkut_results.txt,0.2021
gcc_O1_exec_auto_orkut_results.txt,0.2013
gcc_O1_exec_auto_youtube_results.txt,0.0403
gcc_O1_exec_auto_youtube_results.txt,0.0756
gcc_O1_exec_auto_youtube_results.txt,0.0190
gcc_O1_exec_auto_youtube_results.txt,0.0157
gcc_O1_exec_auto_youtube_results.txt,0.0157
gcc_O1_exec_auto_youtube_results.txt,0.0159
gcc_O1_exec_auto_youtube_results.txt,0.0159
gcc_O1_exec_auto_youtube_results.txt,0.0163
gcc_O1_exec_auto_youtube_results.txt,0.0176
gcc_O1_exec_auto_youtube_results.txt,0.0155
gcc_O1_exec_auto_youtube_results.txt,0.0160
gcc_O1_exec_auto_youtube_results.txt,0.0161
gcc_O1_exec_auto_youtube_results.txt,0.0156
gcc_O1_exec_auto_youtube_results.txt,0.0157
gcc_O1_exec_auto_youtube_results.txt,0.0158
gcc_O1_exec_auto_youtube_results.txt,0.0167
gcc_O1_exec_auto_youtube_results.txt,0.0167
gcc_O1_exec_auto_youtube_results.txt,0.0168
gcc_O1_exec_auto_youtube_results.txt,0.0165
gcc_O1_exec_auto_youtube_results.txt,0.0176
gcc_O1_exec_dynamic_liveJournal_results.txt,0.0788
gcc_O1_exec_dynamic_liveJournal_results.txt,0.0774
gcc_O1_exec_dynamic_liveJournal_results.txt,0.0775
gcc_O1_exec_dynamic_liveJournal_results.txt,0.0801
gcc_O1_exec_dynamic_liveJournal_results.txt,0.0819
gcc_O1_exec_dynamic_liveJournal_results.txt,0.0786
gcc_O1_exec_dynamic_liveJournal_results.txt,0.0777
gcc_O1_exec_dynamic_liveJournal_results.txt,0.0825
gcc_O1_exec_dynamic_liveJournal_results.txt,0.0793
gcc_O1_exec_dynamic_liveJournal_results.txt,0.0805
gcc_O1_exec_dynamic_liveJournal_results.txt,0.0790
gcc_O1_exec_dynamic_liveJournal_results.txt,0.0802
gcc_O1_exec_dynamic_liveJournal_results.txt,0.0792
gcc_O1_exec_dynamic_liveJournal_results.txt,0.0813
gcc_O1_exec_dynamic_liveJournal_results.txt,0.0791
gcc_O1_exec_dynamic_liveJournal_results.txt,0.0789
gcc_O1_exec_dynamic_liveJournal_results.txt,0.0805
gcc_O1_exec_dynamic_liveJournal_results.txt,0.0792
gcc_O1_exec_dynamic_liveJournal_results.txt,0.1010
gcc_O1_exec_dynamic_liveJournal_results.txt,0.0804
gcc_O1_exec_dynamic_orkut_results.txt,0.1766
gcc_O1_exec_dynamic_orkut_results.txt,0.2063
gcc_O1_exec_dynamic_orkut_results.txt,0.2069
gcc_O1_exec_dynamic_orkut_results.txt,0.2006
gcc_O1_exec_dynamic_orkut_results.txt,0.2022
gcc_O1_exec_dynamic_orkut_results.txt,0.2177
gcc_O1_exec_dynamic_orkut_results.txt,0.2066
gcc_O1_exec_dynamic_orkut_results.txt,0.2082
gcc_O1_exec_dynamic_orkut_results.txt,0.2076
gcc_O1_exec_dynamic_orkut_results.txt,0.2053
gcc_O1_exec_dynamic_orkut_results.txt,0.2057
gcc_O1_exec_dynamic_orkut_results.txt,0.2041
gcc_O1_exec_dynamic_orkut_results.txt,0.2033
gcc_O1_exec_dynamic_orkut_results.txt,0.1960
gcc_O1_exec_dynamic_orkut_results.txt,0.1925
gcc_O1_exec_dynamic_orkut_results.txt,0.1922
gcc_O1_exec_dynamic_orkut_results.txt,0.2031
gcc_O1_exec_dynamic_orkut_results.txt,0.1950
gcc_O1_exec_dynamic_orkut_results.txt,0.1982
gcc_O1_exec_dynamic_orkut_results.txt,0.1920
gcc_O1_exec_dynamic_youtube_results.txt,0.0387
gcc_O1_exec_dynamic_youtube_results.txt,0.0538
gcc_O1_exec_dynamic_youtube_results.txt,0.0168
gcc_O1_exec_dynamic_youtube_results.txt,0.0156
gcc_O1_exec_dynamic_youtube_results.txt,0.0173
gcc_O1_exec_dynamic_youtube_results.txt,0.0154
gcc_O1_exec_dynamic_youtube_results.txt,0.0158
gcc_O1_exec_dynamic_youtube_results.txt,0.0162
gcc_O1_exec_dynamic_youtube_results.txt,0.0159
gcc_O1_exec_dynamic_youtube_results.txt,0.0315
gcc_O1_exec_dynamic_youtube_results.txt,0.0151
gcc_O1_exec_dynamic_youtube_results.txt,0.0159
gcc_O1_exec_dynamic_youtube_results.txt,0.0273
gcc_O1_exec_dynamic_youtube_results.txt,0.0174
gcc_O1_exec_dynamic_youtube_results.txt,0.0150
gcc_O1_exec_dynamic_youtube_results.txt,0.0153
gcc_O1_exec_dynamic_youtube_results.txt,0.0164
gcc_O1_exec_dynamic_youtube_results.txt,0.0154
gcc_O1_exec_dynamic_youtube_results.txt,0.0168
gcc_O1_exec_dynamic_youtube_results.txt,0.0161
gcc_O1_exec_guided_liveJournal_results.txt,0.0825
gcc_O1_exec_guided_liveJournal_results.txt,0.0818
gcc_O1_exec_guided_liveJournal_results.txt,0.0827
gcc_O1_exec_guided_liveJournal_results.txt,0.1075
gcc_O1_exec_guided_liveJournal_results.txt,0.0833
gcc_O1_exec_guided_liveJournal_results.txt,0.1036
gcc_O1_exec_guided_liveJournal_results.txt,0.0849
gcc_O1_exec_guided_liveJournal_results.txt,0.0883
gcc_O1_exec_guided_liveJournal_results.txt,0.0841
gcc_O1_exec_guided_liveJournal_results.txt,0.0811
gcc_O1_exec_guided_liveJournal_results.txt,0.1359
gcc_O1_exec_guided_liveJournal_results.txt,0.0944
gcc_O1_exec_guided_liveJournal_results.txt,0.0848
gcc_O1_exec_guided_liveJournal_results.txt,0.1102
gcc_O1_exec_guided_liveJournal_results.txt,0.0853
gcc_O1_exec_guided_liveJournal_results.txt,0.0903
gcc_O1_exec_guided_liveJournal_results.txt,0.0922
gcc_O1_exec_guided_liveJournal_results.txt,0.0867
gcc_O1_exec_guided_liveJournal_results.txt,0.0993
gcc_O1_exec_guided_liveJournal_results.txt,0.0936
gcc_O1_exec_guided_orkut_results.txt,0.2013
gcc_O1_exec_guided_orkut_results.txt,0.1973
gcc_O1_exec_guided_orkut_results.txt,0.2036
gcc_O1_exec_guided_orkut_results.txt,0.2030
gcc_O1_exec_guided_orkut_results.txt,0.2069
gcc_O1_exec_guided_orkut_results.txt,0.1965
gcc_O1_exec_guided_orkut_results.txt,0.2177
gcc_O1_exec_guided_orkut_results.txt,0.2034
gcc_O1_exec_guided_orkut_results.txt,0.1933
gcc_O1_exec_guided_orkut_results.txt,0.1948
gcc_O1_exec_guided_orkut_results.txt,0.1876
gcc_O1_exec_guided_orkut_results.txt,0.1933
gcc_O1_exec_guided_orkut_results.txt,0.1923
gcc_O1_exec_guided_orkut_results.txt,0.1928
gcc_O1_exec_guided_orkut_results.txt,0.1904
gcc_O1_exec_guided_orkut_results.txt,0.1900
gcc_O1_exec_guided_orkut_results.txt,0.2155
gcc_O1_exec_guided_orkut_results.txt,0.1884
gcc_O1_exec_guided_orkut_results.txt,0.1921
gcc_O1_exec_guided_orkut_results.txt,0.1906
gcc_O1_exec_guided_youtube_results.txt,0.0391
gcc_O1_exec_guided_youtube_results.txt,0.0707
gcc_O1_exec_guided_youtube_results.txt,0.0154
gcc_O1_exec_guided_youtube_results.txt,0.0156
gcc_O1_exec_guided_youtube_results.txt,0.0497
gcc_O1_exec_guided_youtube_results.txt,0.0165
gcc_O1_exec_guided_youtube_results.txt,0.0213
gcc_O1_exec_guided_youtube_results.txt,0.0162
gcc_O1_exec_guided_youtube_results.txt,0.0195
gcc_O1_exec_guided_youtube_results.txt,0.0161
gcc_O1_exec_guided_youtube_results.txt,0.0179
gcc_O1_exec_guided_youtube_results.txt,0.0151
gcc_O1_exec_guided_youtube_results.txt,0.0433
gcc_O1_exec_guided_youtube_results.txt,0.0436
gcc_O1_exec_guided_youtube_results.txt,0.0157
gcc_O1_exec_guided_youtube_results.txt,0.0192
gcc_O1_exec_guided_youtube_results.txt,0.0161
gcc_O1_exec_guided_youtube_results.txt,0.0170
gcc_O1_exec_guided_youtube_results.txt,0.0161
gcc_O1_exec_guided_youtube_results.txt,0.0210
gcc_O1_exec_static_liveJournal_results.txt,0.0784
gcc_O1_exec_static_liveJournal_results.txt,0.0788
gcc_O1_exec_static_liveJournal_results.txt,0.0802
gcc_O1_exec_static_liveJournal_results.txt,0.0818
gcc_O1_exec_static_liveJournal_results.txt,0.0789
gcc_O1_exec_static_liveJournal_results.txt,0.0841
gcc_O1_exec_static_liveJournal_results.txt,0.0798
gcc_O1_exec_static_liveJournal_results.txt,0.0899
gcc_O1_exec_static_liveJournal_results.txt,0.1628
gcc_O1_exec_static_liveJournal_results.txt,0.0787
gcc_O1_exec_static_liveJournal_results.txt,0.0808
gcc_O1_exec_static_liveJournal_results.txt,0.0802
gcc_O1_exec_static_liveJournal_results.txt,0.0886
gcc_O1_exec_static_liveJournal_results.txt,0.0782
gcc_O1_exec_static_liveJournal_results.txt,0.0799
gcc_O1_exec_static_liveJournal_results.txt,0.0883
gcc_O1_exec_static_liveJournal_results.txt,0.1084
gcc_O1_exec_static_liveJournal_results.txt,0.0803
gcc_O1_exec_static_liveJournal_results.txt,0.0784
gcc_O1_exec_static_liveJournal_results.txt,0.0820
gcc_O1_exec_static_orkut_results.txt,0.2005
gcc_O1_exec_static_orkut_results.txt,0.2096
gcc_O1_exec_static_orkut_results.txt,0.1940
gcc_O1_exec_static_orkut_results.txt,0.1927
gcc_O1_exec_static_orkut_results.txt,0.2020
gcc_O1_exec_static_orkut_results.txt,0.2101
gcc_O1_exec_static_orkut_results.txt,0.2169
gcc_O1_exec_static_orkut_results.txt,0.2304
gcc_O1_exec_static_orkut_results.txt,0.2360
gcc_O1_exec_static_orkut_results.txt,0.1915
gcc_O1_exec_static_orkut_results.txt,0.1930
gcc_O1_exec_static_orkut_results.txt,0.1987
gcc_O1_exec_static_orkut_results.txt,0.1911
gcc_O1_exec_static_orkut_results.txt,0.1894
gcc_O1_exec_static_orkut_results.txt,0.1930
gcc_O1_exec_static_orkut_results.txt,0.1922
gcc_O1_exec_static_orkut_results.txt,0.2042
gcc_O1_exec_static_orkut_results.txt,0.2006
gcc_O1_exec_static_orkut_results.txt,0.2056
gcc_O1_exec_static_orkut_results.txt,0.2207
gcc_O1_exec_static_youtube_results.txt,0.0518
gcc_O1_exec_static_youtube_results.txt,0.0627
gcc_O1_exec_static_youtube_results.txt,0.0160
gcc_O1_exec_static_youtube_results.txt,0.0152
gcc_O1_exec_static_youtube_results.txt,0.0149
gcc_O1_exec_static_youtube_results.txt,0.0154
gcc_O1_exec_static_youtube_results.txt,0.0155
gcc_O1_exec_static_youtube_results.txt,0.0152
gcc_O1_exec_static_youtube_results.txt,0.0152
gcc_O1_exec_static_youtube_results.txt,0.0148
gcc_O1_exec_static_youtube_results.txt,0.0157
gcc_O1_exec_static_youtube_results.txt,0.0153
gcc_O1_exec_static_youtube_results.txt,0.0172
gcc_O1_exec_static_youtube_results.txt,0.0168
gcc_O1_exec_static_youtube_results.txt,0.0180
gcc_O1_exec_static_youtube_results.txt,0.0153
gcc_O1_exec_static_youtube_results.txt,0.0155
gcc_O1_exec_static_youtube_results.txt,0.0161
gcc_O1_exec_static_youtube_results.txt,0.0158
gcc_O1_exec_static_youtube_results.txt,0.0151
gcc_O2_exec_auto_liveJournal_results.txt,0.0630
gcc_O2_exec_auto_liveJournal_results.txt,0.0646
gcc_O2_exec_auto_liveJournal_results.txt,0.0631
gcc_O2_exec_auto_liveJournal_results.txt,0.0624
gcc_O2_exec_auto_liveJournal_results.txt,0.0624
gcc_O2_exec_auto_liveJournal_results.txt,0.0636
gcc_O2_exec_auto_liveJournal_results.txt,0.0649
gcc_O2_exec_auto_liveJournal_results.txt,0.0637
gcc_O2_exec_auto_liveJournal_results.txt,0.0600
gcc_O2_exec_auto_liveJournal_results.txt,0.0613
gcc_O2_exec_auto_liveJournal_results.txt,0.0665
gcc_O2_exec_auto_liveJournal_results.txt,0.0648
gcc_O2_exec_auto_liveJournal_results.txt,0.0642
gcc_O2_exec_auto_liveJournal_results.txt,0.0659
gcc_O2_exec_auto_liveJournal_results.txt,0.0690
gcc_O2_exec_auto_liveJournal_results.txt,0.0674
gcc_O2_exec_auto_liveJournal_results.txt,0.0641
gcc_O2_exec_auto_liveJournal_results.txt,0.0631
gcc_O2_exec_auto_liveJournal_results.txt,0.0626
gcc_O2_exec_auto_liveJournal_results.txt,0.0839
gcc_O2_exec_auto_orkut_results.txt,0.1997
gcc_O2_exec_auto_orkut_results.txt,0.1803
gcc_O2_exec_auto_orkut_results.txt,0.1830
gcc_O2_exec_auto_orkut_results.txt,0.1830
gcc_O2_exec_auto_orkut_results.txt,0.1875
gcc_O2_exec_auto_orkut_results.txt,0.1862
gcc_O2_exec_auto_orkut_results.txt,0.1890
gcc_O2_exec_auto_orkut_results.txt,0.1864
gcc_O2_exec_auto_orkut_results.txt,0.1889
gcc_O2_exec_auto_orkut_results.txt,0.2181
gcc_O2_exec_auto_orkut_results.txt,0.1925
gcc_O2_exec_auto_orkut_results.txt,0.1814
gcc_O2_exec_auto_orkut_results.txt,0.1902
gcc_O2_exec_auto_orkut_results.txt,0.1850
gcc_O2_exec_auto_orkut_results.txt,0.2008
gcc_O2_exec_auto_orkut_results.txt,0.1948
gcc_O2_exec_auto_orkut_results.txt,0.1829
gcc_O2_exec_auto_orkut_results.txt,0.1927
gcc_O2_exec_auto_orkut_results.txt,0.1966
gcc_O2_exec_auto_orkut_results.txt,0.1868
gcc_O2_exec_auto_youtube_results.txt,0.0275
gcc_O2_exec_auto_youtube_results.txt,0.0768
gcc_O2_exec_auto_youtube_results.txt,0.0280
gcc_O2_exec_auto_youtube_results.txt,0.0138
gcc_O2_exec_auto_youtube_results.txt,0.0123
gcc_O2_exec_auto_youtube_results.txt,0.0126
gcc_O2_exec_auto_youtube_results.txt,0.0126
gcc_O2_exec_auto_youtube_results.txt,0.0126
gcc_O2_exec_auto_youtube_results.txt,0.0126
gcc_O2_exec_auto_youtube_results.txt,0.0129
gcc_O2_exec_auto_youtube_results.txt,0.0137
gcc_O2_exec_auto_youtube_results.txt,0.0126
gcc_O2_exec_auto_youtube_results.txt,0.0125
gcc_O2_exec_auto_youtube_results.txt,0.0138
gcc_O2_exec_auto_youtube_results.txt,0.0131
gcc_O2_exec_auto_youtube_results.txt,0.0133
gcc_O2_exec_auto_youtube_results.txt,0.0125
gcc_O2_exec_auto_youtube_results.txt,0.0124
gcc_O2_exec_auto_youtube_results.txt,0.0132
gcc_O2_exec_auto_youtube_results.txt,0.0126
gcc_O2_exec_dynamic_liveJournal_results.txt,0.0639
gcc_O2_exec_dynamic_liveJournal_results.txt,0.0643
gcc_O2_exec_dynamic_liveJournal_results.txt,0.0644
gcc_O2_exec_dynamic_liveJournal_results.txt,0.0644
gcc_O2_exec_dynamic_liveJournal_results.txt,0.0642
gcc_O2_exec_dynamic_liveJournal_results.txt,0.0743
gcc_O2_exec_dynamic_liveJournal_results.txt,0.0791
gcc_O2_exec_dynamic_liveJournal_results.txt,0.0633
gcc_O2_exec_dynamic_liveJournal_results.txt,0.0668
gcc_O2_exec_dynamic_liveJournal_results.txt,0.0628
gcc_O2_exec_dynamic_liveJournal_results.txt,0.0632
gcc_O2_exec_dynamic_liveJournal_results.txt,0.0633
gcc_O2_exec_dynamic_liveJournal_results.txt,0.1145
gcc_O2_exec_dynamic_liveJournal_results.txt,0.0764
gcc_O2_exec_dynamic_liveJournal_results.txt,0.0644
gcc_O2_exec_dynamic_liveJournal_results.txt,0.0644
gcc_O2_exec_dynamic_liveJournal_results.txt,0.0635
gcc_O2_exec_dynamic_liveJournal_results.txt,0.0727
gcc_O2_exec_dynamic_liveJournal_results.txt,0.1004
gcc_O2_exec_dynamic_liveJournal_results.txt,0.0643
gcc_O2_exec_dynamic_orkut_results.txt,0.1920
gcc_O2_exec_dynamic_orkut_results.txt,0.1838
gcc_O2_exec_dynamic_orkut_results.txt,0.2148
gcc_O2_exec_dynamic_orkut_results.txt,0.1976
gcc_O2_exec_dynamic_orkut_results.txt,0.2086
gcc_O2_exec_dynamic_orkut_results.txt,0.1938
gcc_O2_exec_dynamic_orkut_results.txt,0.1754
gcc_O2_exec_dynamic_orkut_results.txt,0.1757
gcc_O2_exec_dynamic_orkut_results.txt,0.2627
gcc_O2_exec_dynamic_orkut_results.txt,0.1931
gcc_O2_exec_dynamic_orkut_results.txt,0.1886
gcc_O2_exec_dynamic_orkut_results.txt,0.2165
gcc_O2_exec_dynamic_orkut_results.txt,0.1762
gcc_O2_exec_dynamic_orkut_results.txt,0.2127
gcc_O2_exec_dynamic_orkut_results.txt,0.2073
gcc_O2_exec_dynamic_orkut_results.txt,0.1811
gcc_O2_exec_dynamic_orkut_results.txt,0.2205
gcc_O2_exec_dynamic_orkut_results.txt,0.2111
gcc_O2_exec_dynamic_orkut_results.txt,0.2282
gcc_O2_exec_dynamic_orkut_results.txt,0.2305
gcc_O2_exec_dynamic_youtube_results.txt,0.0129
gcc_O2_exec_dynamic_youtube_results.txt,0.0543
gcc_O2_exec_dynamic_youtube_results.txt,0.0287
gcc_O2_exec_dynamic_youtube_results.txt,0.0132
gcc_O2_exec_dynamic_youtube_results.txt,0.0128
gcc_O2_exec_dynamic_youtube_results.txt,0.0287
gcc_O2_exec_dynamic_youtube_results.txt,0.0317
gcc_O2_exec_dynamic_youtube_results.txt,0.0141
gcc_O2_exec_dynamic_youtube_results.txt,0.0124
gcc_O2_exec_dynamic_youtube_results.txt,0.0136
gcc_O2_exec_dynamic_youtube_results.txt,0.0135
gcc_O2_exec_dynamic_youtube_results.txt,0.0125
gcc_O2_exec_dynamic_youtube_results.txt,0.0125
gcc_O2_exec_dynamic_youtube_results.txt,0.0153
gcc_O2_exec_dynamic_youtube_results.txt,0.0181
gcc_O2_exec_dynamic_youtube_results.txt,0.0126
gcc_O2_exec_dynamic_youtube_results.txt,0.0138
gcc_O2_exec_dynamic_youtube_results.txt,0.0130
gcc_O2_exec_dynamic_youtube_results.txt,0.0139
gcc_O2_exec_dynamic_youtube_results.txt,0.0138
gcc_O2_exec_guided_liveJournal_results.txt,0.1015
gcc_O2_exec_guided_liveJournal_results.txt,0.0654
gcc_O2_exec_guided_liveJournal_results.txt,0.0640
gcc_O2_exec_guided_liveJournal_results.txt,0.0619
gcc_O2_exec_guided_liveJournal_results.txt,0.0720
gcc_O2_exec_guided_liveJournal_results.txt,0.0632
gcc_O2_exec_guided_liveJournal_results.txt,0.0615
gcc_O2_exec_guided_liveJournal_results.txt,0.0641
gcc_O2_exec_guided_liveJournal_results.txt,0.0639
gcc_O2_exec_guided_liveJournal_results.txt,0.0637
gcc_O2_exec_guided_liveJournal_results.txt,0.0650
gcc_O2_exec_guided_liveJournal_results.txt,0.0648
gcc_O2_exec_guided_liveJournal_results.txt,0.0734
gcc_O2_exec_guided_liveJournal_results.txt,0.0643
gcc_O2_exec_guided_liveJournal_results.txt,0.0627
gcc_O2_exec_guided_liveJournal_results.txt,0.0647
gcc_O2_exec_guided_liveJournal_results.txt,0.0642
gcc_O2_exec_guided_liveJournal_results.txt,0.0658
gcc_O2_exec_guided_liveJournal_results.txt,0.0641
gcc_O2_exec_guided_liveJournal_results.txt,0.0644
gcc_O2_exec_guided_orkut_results.txt,0.1683
gcc_O2_exec_guided_orkut_results.txt,0.1787
gcc_O2_exec_guided_orkut_results.txt,0.1837
gcc_O2_exec_guided_orkut_results.txt,0.1822
gcc_O2_exec_guided_orkut_results.txt,0.1799
gcc_O2_exec_guided_orkut_results.txt,0.1811
gcc_O2_exec_guided_orkut_results.txt,0.1835
gcc_O2_exec_guided_orkut_results.txt,0.1802
gcc_O2_exec_guided_orkut_results.txt,0.1766
gcc_O2_exec_guided_orkut_results.txt,0.1793
gcc_O2_exec_guided_orkut_results.txt,0.1810
gcc_O2_exec_guided_orkut_results.txt,0.1833
gcc_O2_exec_guided_orkut_results.txt,0.1693
gcc_O2_exec_guided_orkut_results.txt,0.1834
gcc_O2_exec_guided_orkut_results.txt,0.1768
gcc_O2_exec_guided_orkut_results.txt,0.1819
gcc_O2_exec_guided_orkut_results.txt,0.1830
gcc_O2_exec_guided_orkut_results.txt,0.1873
gcc_O2_exec_guided_orkut_results.txt,0.1819
gcc_O2_exec_guided_orkut_results.txt,0.1809
gcc_O2_exec_guided_youtube_results.txt,0.0133
gcc_O2_exec_guided_youtube_results.txt,0.0495
gcc_O2_exec_guided_youtube_results.txt,0.0359
gcc_O2_exec_guided_youtube_results.txt,0.0130
gcc_O2_exec_guided_youtube_results.txt,0.0144
gcc_O2_exec_guided_youtube_results.txt,0.0159
gcc_O2_exec_guided_youtube_results.txt,0.0129
gcc_O2_exec_guided_youtube_results.txt,0.0287
gcc_O2_exec_guided_youtube_results.txt,0.0123
gcc_O2_exec_guided_youtube_results.txt,0.0283
gcc_O2_exec_guided_youtube_results.txt,0.0131
gcc_O2_exec_guided_youtube_results.txt,0.0123
gcc_O2_exec_guided_youtube_results.txt,0.0130
gcc_O2_exec_guided_youtube_results.txt,0.0134
gcc_O2_exec_guided_youtube_results.txt,0.0133
gcc_O2_exec_guided_youtube_results.txt,0.0126
gcc_O2_exec_guided_youtube_results.txt,0.0129
gcc_O2_exec_guided_youtube_results.txt,0.0126
gcc_O2_exec_guided_youtube_results.txt,0.0165
gcc_O2_exec_guided_youtube_results.txt,0.0136
gcc_O2_exec_static_liveJournal_results.txt,0.1386
gcc_O2_exec_static_liveJournal_results.txt,0.0907
gcc_O2_exec_static_liveJournal_results.txt,0.0647
gcc_O2_exec_static_liveJournal_results.txt,0.0691
gcc_O2_exec_static_liveJournal_results.txt,0.0673
gcc_O2_exec_static_liveJournal_results.txt,0.0686
gcc_O2_exec_static_liveJournal_results.txt,0.0673
gcc_O2_exec_static_liveJournal_results.txt,0.0697
gcc_O2_exec_static_liveJournal_results.txt,0.0657
gcc_O2_exec_static_liveJournal_results.txt,0.0915
gcc_O2_exec_static_liveJournal_results.txt,0.0633
gcc_O2_exec_static_liveJournal_results.txt,0.0629
gcc_O2_exec_static_liveJournal_results.txt,0.0639
gcc_O2_exec_static_liveJournal_results.txt,0.0637
gcc_O2_exec_static_liveJournal_results.txt,0.0656
gcc_O2_exec_static_liveJournal_results.txt,0.0637
gcc_O2_exec_static_liveJournal_results.txt,0.0647
gcc_O2_exec_static_liveJournal_results.txt,0.0662
gcc_O2_exec_static_liveJournal_results.txt,0.0693
gcc_O2_exec_static_liveJournal_results.txt,0.0670
gcc_O2_exec_static_orkut_results.txt,0.1736
gcc_O2_exec_static_orkut_results.txt,0.1771
gcc_O2_exec_static_orkut_results.txt,0.1737
gcc_O2_exec_static_orkut_results.txt,0.1736
gcc_O2_exec_static_orkut_results.txt,0.1748
gcc_O2_exec_static_orkut_results.txt,0.1784
gcc_O2_exec_static_orkut_results.txt,0.1707
gcc_O2_exec_static_orkut_results.txt,0.1807
gcc_O2_exec_static_orkut_results.txt,0.1804
gcc_O2_exec_static_orkut_results.txt,0.1748
gcc_O2_exec_static_orkut_results.txt,0.1707
gcc_O2_exec_static_orkut_results.txt,0.1737
gcc_O2_exec_static_orkut_results.txt,0.1782
gcc_O2_exec_static_orkut_results.txt,0.1780
gcc_O2_exec_static_orkut_results.txt,0.1768
gcc_O2_exec_static_orkut_results.txt,0.1767
gcc_O2_exec_static_orkut_results.txt,0.1791
gcc_O2_exec_static_orkut_results.txt,0.1791
gcc_O2_exec_static_orkut_results.txt,0.1755
gcc_O2_exec_static_orkut_results.txt,0.1843
gcc_O2_exec_static_youtube_results.txt,0.0717
gcc_O2_exec_static_youtube_results.txt,0.0152
gcc_O2_exec_static_youtube_results.txt,0.0348
gcc_O2_exec_static_youtube_results.txt,0.0130
gcc_O2_exec_static_youtube_results.txt,0.0136
gcc_O2_exec_static_youtube_results.txt,0.0133
gcc_O2_exec_static_youtube_results.txt,0.0134
gcc_O2_exec_static_youtube_results.txt,0.0139
gcc_O2_exec_static_youtube_results.txt,0.0132
gcc_O2_exec_static_youtube_results.txt,0.0143
gcc_O2_exec_static_youtube_results.txt,0.0128
gcc_O2_exec_static_youtube_results.txt,0.0127
gcc_O2_exec_static_youtube_results.txt,0.0134
gcc_O2_exec_static_youtube_results.txt,0.0127
gcc_O2_exec_static_youtube_results.txt,0.0129
gcc_O2_exec_static_youtube_results.txt,0.0131
gcc_O2_exec_static_youtube_results.txt,0.0127
gcc_O2_exec_static_youtube_results.txt,0.0133
gcc_O2_exec_static_youtube_results.txt,0.0130
gcc_O2_exec_static_youtube_results.txt,0.0124
gcc_O3_exec_auto_liveJournal_results.txt,0.0592
gcc_O3_exec_auto_liveJournal_results.txt,0.0591
gcc_O3_exec_auto_liveJournal_results.txt,0.0630
gcc_O3_exec_auto_liveJournal_results.txt,0.0622
gcc_O3_exec_auto_liveJournal_results.txt,0.0614
gcc_O3_exec_auto_liveJournal_results.txt,0.0603
gcc_O3_exec_auto_liveJournal_results.txt,0.0624
gcc_O3_exec_auto_liveJournal_results.txt,0.0636
gcc_O3_exec_auto_liveJournal_results.txt,0.0618
gcc_O3_exec_auto_liveJournal_results.txt,0.0616
gcc_O3_exec_auto_liveJournal_results.txt,0.0623
gcc_O3_exec_auto_liveJournal_results.txt,0.0596
gcc_O3_exec_auto_liveJournal_results.txt,0.0593
gcc_O3_exec_auto_liveJournal_results.txt,0.0629
gcc_O3_exec_auto_liveJournal_results.txt,0.0622
gcc_O3_exec_auto_liveJournal_results.txt,0.0619
gcc_O3_exec_auto_liveJournal_results.txt,0.0806
gcc_O3_exec_auto_liveJournal_results.txt,0.0642
gcc_O3_exec_auto_liveJournal_results.txt,0.0618
gcc_O3_exec_auto_liveJournal_results.txt,0.0596
gcc_O3_exec_auto_orkut_results.txt,0.1705
gcc_O3_exec_auto_orkut_results.txt,0.1776
gcc_O3_exec_auto_orkut_results.txt,0.1874
gcc_O3_exec_auto_orkut_results.txt,0.1985
gcc_O3_exec_auto_orkut_results.txt,0.1857
gcc_O3_exec_auto_orkut_results.txt,0.1774
gcc_O3_exec_auto_orkut_results.txt,0.1753
gcc_O3_exec_auto_orkut_results.txt,0.1777
gcc_O3_exec_auto_orkut_results.txt,0.1810
gcc_O3_exec_auto_orkut_results.txt,0.2032
gcc_O3_exec_auto_orkut_results.txt,0.1851
gcc_O3_exec_auto_orkut_results.txt,0.1775
gcc_O3_exec_auto_orkut_results.txt,0.1784
gcc_O3_exec_auto_orkut_results.txt,0.1832
gcc_O3_exec_auto_orkut_results.txt,0.1752
gcc_O3_exec_auto_orkut_results.txt,0.1756
gcc_O3_exec_auto_orkut_results.txt,0.1770
gcc_O3_exec_auto_orkut_results.txt,0.1752
gcc_O3_exec_auto_orkut_results.txt,0.1713
gcc_O3_exec_auto_orkut_results.txt,0.1779
gcc_O3_exec_auto_youtube_results.txt,0.0582
gcc_O3_exec_auto_youtube_results.txt,0.0444
gcc_O3_exec_auto_youtube_results.txt,0.0128
gcc_O3_exec_auto_youtube_results.txt,0.0123
gcc_O3_exec_auto_youtube_results.txt,0.0129
gcc_O3_exec_auto_youtube_results.txt,0.0162
gcc_O3_exec_auto_youtube_results.txt,0.0143
gcc_O3_exec_auto_youtube_results.txt,0.0161
gcc_O3_exec_auto_youtube_results.txt,0.0130
gcc_O3_exec_auto_youtube_results.txt,0.0126
gcc_O3_exec_auto_youtube_results.txt,0.0140
gcc_O3_exec_auto_youtube_results.txt,0.0126
gcc_O3_exec_auto_youtube_results.txt,0.0125
gcc_O3_exec_auto_youtube_results.txt,0.0124
gcc_O3_exec_auto_youtube_results.txt,0.0129
gcc_O3_exec_auto_youtube_results.txt,0.0127
gcc_O3_exec_auto_youtube_results.txt,0.0128
gcc_O3_exec_auto_youtube_results.txt,0.0133
gcc_O3_exec_auto_youtube_results.txt,0.0131
gcc_O3_exec_auto_youtube_results.txt,0.0139
gcc_O3_exec_dynamic_liveJournal_results.txt,0.0634
gcc_O3_exec_dynamic_liveJournal_results.txt,0.0623
gcc_O3_exec_dynamic_liveJournal_results.txt,0.0625
gcc_O3_exec_dynamic_liveJournal_results.txt,0.0651
gcc_O3_exec_dynamic_liveJournal_results.txt,0.0627
gcc_O3_exec_dynamic_liveJournal_results.txt,0.0637
gcc_O3_exec_dynamic_liveJournal_results.txt,0.0629
gcc_O3_exec_dynamic_liveJournal_results.txt,0.0620
gcc_O3_exec_dynamic_liveJournal_results.txt,0.0598
gcc_O3_exec_dynamic_liveJournal_results.txt,0.0628
gcc_O3_exec_dynamic_liveJournal_results.txt,0.0595
gcc_O3_exec_dynamic_liveJournal_results.txt,0.0629
gcc_O3_exec_dynamic_liveJournal_results.txt,0.0653
gcc_O3_exec_dynamic_liveJournal_results.txt,0.0632
gcc_O3_exec_dynamic_liveJournal_results.txt,0.0653
gcc_O3_exec_dynamic_liveJournal_results.txt,0.0616
gcc_O3_exec_dynamic_liveJournal_results.txt,0.0617
gcc_O3_exec_dynamic_liveJournal_results.txt,0.0602
gcc_O3_exec_dynamic_liveJournal_results.txt,0.0623
gcc_O3_exec_dynamic_liveJournal_results.txt,0.0631
gcc_O3_exec_dynamic_orkut_results.txt,0.1720
gcc_O3_exec_dynamic_orkut_results.txt,0.1944
gcc_O3_exec_dynamic_orkut_results.txt,0.1957
gcc_O3_exec_dynamic_orkut_results.txt,0.1906
gcc_O3_exec_dynamic_orkut_results.txt,0.2116
gcc_O3_exec_dynamic_orkut_results.txt,0.1953
gcc_O3_exec_dynamic_orkut_results.txt,0.1906
gcc_O3_exec_dynamic_orkut_results.txt,0.1906
gcc_O3_exec_dynamic_orkut_results.txt,0.1836
gcc_O3_exec_dynamic_orkut_results.txt,0.1932
gcc_O3_exec_dynamic_orkut_results.txt,0.1899
gcc_O3_exec_dynamic_orkut_results.txt,0.1842
gcc_O3_exec_dynamic_orkut_results.txt,0.1856
gcc_O3_exec_dynamic_orkut_results.txt,0.1871
gcc_O3_exec_dynamic_orkut_results.txt,0.1840
gcc_O3_exec_dynamic_orkut_results.txt,0.1814
gcc_O3_exec_dynamic_orkut_results.txt,0.1909
gcc_O3_exec_dynamic_orkut_results.txt,0.1861
gcc_O3_exec_dynamic_orkut_results.txt,0.1724
gcc_O3_exec_dynamic_orkut_results.txt,0.1898
gcc_O3_exec_dynamic_youtube_results.txt,0.0380
gcc_O3_exec_dynamic_youtube_results.txt,0.0674
gcc_O3_exec_dynamic_youtube_results.txt,0.0154
gcc_O3_exec_dynamic_youtube_results.txt,0.0292
gcc_O3_exec_dynamic_youtube_results.txt,0.0125
gcc_O3_exec_dynamic_youtube_results.txt,0.0124
gcc_O3_exec_dynamic_youtube_results.txt,0.0123
gcc_O3_exec_dynamic_youtube_results.txt,0.0129
gcc_O3_exec_dynamic_youtube_results.txt,0.0124
gcc_O3_exec_dynamic_youtube_results.txt,0.0122
gcc_O3_exec_dynamic_youtube_results.txt,0.0122
gcc_O3_exec_dynamic_youtube_results.txt,0.0132
gcc_O3_exec_dynamic_youtube_results.txt,0.0122
gcc_O3_exec_dynamic_youtube_results.txt,0.0130
gcc_O3_exec_dynamic_youtube_results.txt,0.0123
gcc_O3_exec_dynamic_youtube_results.txt,0.0125
gcc_O3_exec_dynamic_youtube_results.txt,0.0124
gcc_O3_exec_dynamic_youtube_results.txt,0.0142
gcc_O3_exec_dynamic_youtube_results.txt,0.0123
gcc_O3_exec_dynamic_youtube_results.txt,0.0123
gcc_O3_exec_guided_liveJournal_results.txt,0.0622
gcc_O3_exec_guided_liveJournal_results.txt,0.0597
gcc_O3_exec_guided_liveJournal_results.txt,0.0585
gcc_O3_exec_guided_liveJournal_results.txt,0.0618
gcc_O3_exec_guided_liveJournal_results.txt,0.0804
gcc_O3_exec_guided_liveJournal_results.txt,0.0618
gcc_O3_exec_guided_liveJournal_results.txt,0.0615
gcc_O3_exec_guided_liveJournal_results.txt,0.0630
gcc_O3_exec_guided_liveJournal_results.txt,0.0623
gcc_O3_exec_guided_liveJournal_results.txt,0.0591
gcc_O3_exec_guided_liveJournal_results.txt,0.0618
gcc_O3_exec_guided_liveJournal_results.txt,0.0630
gcc_O3_exec_guided_liveJournal_results.txt,0.0622
gcc_O3_exec_guided_liveJournal_results.txt,0.0612
gcc_O3_exec_guided_liveJournal_results.txt,0.0598
gcc_O3_exec_guided_liveJournal_results.txt,0.0612
gcc_O3_exec_guided_liveJournal_results.txt,0.0596
gcc_O3_exec_guided_liveJournal_results.txt,0.0613
gcc_O3_exec_guided_liveJournal_results.txt,0.0621
gcc_O3_exec_guided_liveJournal_results.txt,0.0636
gcc_O3_exec_guided_orkut_results.txt,0.1786
gcc_O3_exec_guided_orkut_results.txt,0.1888
gcc_O3_exec_guided_orkut_results.txt,0.1736
gcc_O3_exec_guided_orkut_results.txt,0.1805
gcc_O3_exec_guided_orkut_results.txt,0.1816
gcc_O3_exec_guided_orkut_results.txt,0.1851
gcc_O3_exec_guided_orkut_results.txt,0.1827
gcc_O3_exec_guided_orkut_results.txt,0.1785
gcc_O3_exec_guided_orkut_results.txt,0.1848
gcc_O3_exec_guided_orkut_results.txt,0.1843
gcc_O3_exec_guided_orkut_results.txt,0.1829
gcc_O3_exec_guided_orkut_results.txt,0.1830
gcc_O3_exec_guided_orkut_results.txt,0.1876
gcc_O3_exec_guided_orkut_results.txt,0.1841
gcc_O3_exec_guided_orkut_results.txt,0.1820
gcc_O3_exec_guided_orkut_results.txt,0.1840
gcc_O3_exec_guided_orkut_results.txt,0.1901
gcc_O3_exec_guided_orkut_results.txt,0.1879
gcc_O3_exec_guided_orkut_results.txt,0.1893
gcc_O3_exec_guided_orkut_results.txt,0.1905
gcc_O3_exec_guided_youtube_results.txt,0.0394
gcc_O3_exec_guided_youtube_results.txt,0.0340
gcc_O3_exec_guided_youtube_results.txt,0.0360
gcc_O3_exec_guided_youtube_results.txt,0.0150
gcc_O3_exec_guided_youtube_results.txt,0.0135
gcc_O3_exec_guided_youtube_results.txt,0.0130
gcc_O3_exec_guided_youtube_results.txt,0.0134
gcc_O3_exec_guided_youtube_results.txt,0.0247
gcc_O3_exec_guided_youtube_results.txt,0.0128
gcc_O3_exec_guided_youtube_results.txt,0.0146
gcc_O3_exec_guided_youtube_results.txt,0.0138
gcc_O3_exec_guided_youtube_results.txt,0.0134
gcc_O3_exec_guided_youtube_results.txt,0.0133
gcc_O3_exec_guided_youtube_results.txt,0.0127
gcc_O3_exec_guided_youtube_results.txt,0.0125
gcc_O3_exec_guided_youtube_results.txt,0.0131
gcc_O3_exec_guided_youtube_results.txt,0.0144
gcc_O3_exec_guided_youtube_results.txt,0.0128
gcc_O3_exec_guided_youtube_results.txt,0.0124
gcc_O3_exec_guided_youtube_results.txt,0.0125
gcc_O3_exec_static_liveJournal_results.txt,0.0631
gcc_O3_exec_static_liveJournal_results.txt,0.0625
gcc_O3_exec_static_liveJournal_results.txt,0.0625
gcc_O3_exec_static_liveJournal_results.txt,0.0615
gcc_O3_exec_static_liveJournal_results.txt,0.0624
gcc_O3_exec_static_liveJournal_results.txt,0.0614
gcc_O3_exec_static_liveJournal_results.txt,0.0625
gcc_O3_exec_static_liveJournal_results.txt,0.0602
gcc_O3_exec_static_liveJournal_results.txt,0.0609
gcc_O3_exec_static_liveJournal_results.txt,0.0598
gcc_O3_exec_static_liveJournal_results.txt,0.0612
gcc_O3_exec_static_liveJournal_results.txt,0.0616
gcc_O3_exec_static_liveJournal_results.txt,0.0638
gcc_O3_exec_static_liveJournal_results.txt,0.1406
gcc_O3_exec_static_liveJournal_results.txt,0.0606
gcc_O3_exec_static_liveJournal_results.txt,0.0643
gcc_O3_exec_static_liveJournal_results.txt,0.0618
gcc_O3_exec_static_liveJournal_results.txt,0.0600
gcc_O3_exec_static_liveJournal_results.txt,0.0795
gcc_O3_exec_static_liveJournal_results.txt,0.0624
gcc_O3_exec_static_orkut_results.txt,0.1715
gcc_O3_exec_static_orkut_results.txt,0.1722
gcc_O3_exec_static_orkut_results.txt,0.1789
gcc_O3_exec_static_orkut_results.txt,0.1852
gcc_O3_exec_static_orkut_results.txt,0.1881
gcc_O3_exec_static_orkut_results.txt,0.2394
gcc_O3_exec_static_orkut_results.txt,0.1817
gcc_O3_exec_static_orkut_results.txt,0.1727
gcc_O3_exec_static_orkut_results.txt,0.1828
gcc_O3_exec_static_orkut_results.txt,0.1738
gcc_O3_exec_static_orkut_results.txt,0.1761
gcc_O3_exec_static_orkut_results.txt,0.1731
gcc_O3_exec_static_orkut_results.txt,0.1725
gcc_O3_exec_static_orkut_results.txt,0.1723
gcc_O3_exec_static_orkut_results.txt,0.1796
gcc_O3_exec_static_orkut_results.txt,0.1747
gcc_O3_exec_static_orkut_results.txt,0.1742
gcc_O3_exec_static_orkut_results.txt,0.1738
gcc_O3_exec_static_orkut_results.txt,0.1706
gcc_O3_exec_static_orkut_results.txt,0.1696
gcc_O3_exec_static_youtube_results.txt,0.0550
gcc_O3_exec_static_youtube_results.txt,0.0158
gcc_O3_exec_static_youtube_results.txt,0.0178
gcc_O3_exec_static_youtube_results.txt,0.0174
gcc_O3_exec_static_youtube_results.txt,0.0476
gcc_O3_exec_static_youtube_results.txt,0.0131
gcc_O3_exec_static_youtube_results.txt,0.0130
gcc_O3_exec_static_youtube_results.txt,0.0135
gcc_O3_exec_static_youtube_results.txt,0.0141
gcc_O3_exec_static_youtube_results.txt,0.0130
gcc_O3_exec_static_youtube_results.txt,0.0135
gcc_O3_exec_static_youtube_results.txt,0.0137
gcc_O3_exec_static_youtube_results.txt,0.0138
gcc_O3_exec_static_youtube_results.txt,0.0132
gcc_O3_exec_static_youtube_results.txt,0.0142
gcc_O3_exec_static_youtube_results.txt,0.0124
gcc_O3_exec_static_youtube_results.txt,0.0128
gcc_O3_exec_static_youtube_results.txt,0.0151
gcc_O3_exec_static_youtube_results.txt,0.0125
gcc_O3_exec_static_youtube_results.txt,0.0129
